page,target
index.html,/ochodnica/sk/o-obci/
index.html,/ochodnica/sk/samosprava/
index.html,/ochodnica/sk/uradne-oznamy/
index.html,/ochodnica/sk/obcan-a-podnikatel/
sk/kontakt.html,/ochodnica/sk/o-obci/
sk/kontakt.html,/ochodnica/sk/samosprava/
sk/kontakt.html,/ochodnica/sk/uradne-oznamy/
sk/kontakt.html,/ochodnica/sk/obcan-a-podnikatel/
sk/vyzva-na-predlozenie-cenovej-ponuky-rekonstrukcia-mosta-pri-mihaldovi-vysny-koniec-v-obci-ochodnica.html,/ochodnica/sk/o-obci/
sk/vyzva-na-predlozenie-cenovej-ponuky-rekonstrukcia-mosta-pri-mihaldovi-vysny-koniec-v-obci-ochodnica.html,/ochodnica/sk/samosprava/
sk/vyzva-na-predlozenie-cenovej-ponuky-rekonstrukcia-mosta-pri-mihaldovi-vysny-koniec-v-obci-ochodnica.html,/ochodnica/sk/uradne-oznamy/
sk/vyzva-na-predlozenie-cenovej-ponuky-rekonstrukcia-mosta-pri-mihaldovi-vysny-koniec-v-obci-ochodnica.html,/ochodnica/sk/obcan-a-podnikatel/
sk/slovensky-zvaez-zahradkarov.html,/ochodnica/sk/o-obci/
sk/slovensky-zvaez-zahradkarov.html,/ochodnica/sk/samosprava/
sk/slovensky-zvaez-zahradkarov.html,/ochodnica/sk/uradne-oznamy/
sk/slovensky-zvaez-zahradkarov.html,/ochodnica/sk/obcan-a-podnikatel/
sk/slovensky-zvaez-zahradkarov.html,/ochodnica/sk/stranky/zaujmove-organizacie/
sk/vyzva-na-predlozenie-cenovej-ponuky-multifunkcne-ihrisko-v-ochodnici.html,/ochodnica/sk/o-obci/
sk/vyzva-na-predlozenie-cenovej-ponuky-multifunkcne-ihrisko-v-ochodnici.html,/ochodnica/sk/samosprava/
sk/vyzva-na-predlozenie-cenovej-ponuky-multifunkcne-ihrisko-v-ochodnici.html,/ochodnica/sk/uradne-oznamy/
sk/vyzva-na-predlozenie-cenovej-ponuky-multifunkcne-ihrisko-v-ochodnici.html,/ochodnica/sk/obcan-a-podnikatel/
sk/materska-skola.html,/ochodnica/sk/o-obci/
sk/materska-skola.html,/ochodnica/sk/samosprava/
sk/materska-skola.html,/ochodnica/sk/uradne-oznamy/
sk/materska-skola.html,/ochodnica/sk/obcan-a-podnikatel/
sk/predchadzanie-vzniku-biologicky-rozlozitelneho-komunalneho-odpadu-na-uzemi-dolnych-kysuc.html,/ochodnica/sk/o-obci/
sk/predchadzanie-vzniku-biologicky-rozlozitelneho-komunalneho-odpadu-na-uzemi-dolnych-kysuc.html,/ochodnica/sk/samosprava/
sk/predchadzanie-vzniku-biologicky-rozlozitelneho-komunalneho-odpadu-na-uzemi-dolnych-kysuc.html,/ochodnica/sk/uradne-oznamy/
sk/predchadzanie-vzniku-biologicky-rozlozitelneho-komunalneho-odpadu-na-uzemi-dolnych-kysuc.html,/ochodnica/sk/obcan-a-podnikatel/
sk/mapovy-portal-obce.html,/ochodnica/sk/o-obci/
sk/mapovy-portal-obce.html,/ochodnica/sk/samosprava/
sk/mapovy-portal-obce.html,/ochodnica/sk/uradne-oznamy/
sk/mapovy-portal-obce.html,/ochodnica/sk/obcan-a-podnikatel/
sk/ochrana-osobnych-udajov.html,/ochodnica/sk/o-obci/
sk/ochrana-osobnych-udajov.html,/ochodnica/sk/samosprava/
sk/ochrana-osobnych-udajov.html,/ochodnica/sk/uradne-oznamy/
sk/ochrana-osobnych-udajov.html,/ochodnica/sk/obcan-a-podnikatel/
sk/ubytovanie-a-strava.html,/ochodnica/sk/o-obci/
sk/ubytovanie-a-strava.html,/ochodnica/sk/samosprava/
sk/ubytovanie-a-strava.html,/ochodnica/sk/uradne-oznamy/
sk/ubytovanie-a-strava.html,/ochodnica/sk/obcan-a-podnikatel/
sk/ubytovanie-a-strava.html,/ochodnica/sk/stranky/pre-turistov/
sk/folklorna-skupina-kycera.html,/ochodnica/sk/o-obci/
sk/folklorna-skupina-kycera.html,/ochodnica/sk/samosprava/
sk/folklorna-skupina-kycera.html,/ochodnica/sk/uradne-oznamy/
sk/folklorna-skupina-kycera.html,/ochodnica/sk/obcan-a-podnikatel/
sk/folklorna-skupina-kycera.html,/ochodnica/sk/stranky/zaujmove-organizacie/
sk/vyzva-na-predlozenie-cenovej-ponuky-stavebne-upravy-hasicska-zbrojnica-v-ochodnici.html,/ochodnica/sk/o-obci/
sk/vyzva-na-predlozenie-cenovej-ponuky-stavebne-upravy-hasicska-zbrojnica-v-ochodnici.html,/ochodnica/sk/samosprava/
sk/vyzva-na-predlozenie-cenovej-ponuky-stavebne-upravy-hasicska-zbrojnica-v-ochodnici.html,/ochodnica/sk/uradne-oznamy/
sk/vyzva-na-predlozenie-cenovej-ponuky-stavebne-upravy-hasicska-zbrojnica-v-ochodnici.html,/ochodnica/sk/obcan-a-podnikatel/
sk/separovany-zber-a-vyvoz-odpadu.html,/ochodnica/sk/o-obci/
sk/separovany-zber-a-vyvoz-odpadu.html,/ochodnica/sk/samosprava/
sk/separovany-zber-a-vyvoz-odpadu.html,/ochodnica/sk/uradne-oznamy/
sk/separovany-zber-a-vyvoz-odpadu.html,/ochodnica/sk/obcan-a-podnikatel/
sk/vyzva-na-predlozenie-cenovej-ponuky-rekonstrukcia-mo-ochodnica-pri-cernoskovej.html,/ochodnica/sk/o-obci/
sk/vyzva-na-predlozenie-cenovej-ponuky-rekonstrukcia-mo-ochodnica-pri-cernoskovej.html,/ochodnica/sk/samosprava/
sk/vyzva-na-predlozenie-cenovej-ponuky-rekonstrukcia-mo-ochodnica-pri-cernoskovej.html,/ochodnica/sk/uradne-oznamy/
sk/vyzva-na-predlozenie-cenovej-ponuky-rekonstrukcia-mo-ochodnica-pri-cernoskovej.html,/ochodnica/sk/obcan-a-podnikatel/
sk/vyzva-na-predlozenie-cenovej-ponuky-rekonstrukcia-strechy-obecneho-uradu-v-ochodnici.html,/ochodnica/sk/o-obci/
sk/vyzva-na-predlozenie-cenovej-ponuky-rekonstrukcia-strechy-obecneho-uradu-v-ochodnici.html,/ochodnica/sk/samosprava/
sk/vyzva-na-predlozenie-cenovej-ponuky-rekonstrukcia-strechy-obecneho-uradu-v-ochodnici.html,/ochodnica/sk/uradne-oznamy/
sk/vyzva-na-predlozenie-cenovej-ponuky-rekonstrukcia-strechy-obecneho-uradu-v-ochodnici.html,/ochodnica/sk/obcan-a-podnikatel/
sk/komisia-o-ochrane-verejneho-zaujmu-pri-vykone-funkcii-verejnych-funkcionarov.html,/ochodnica/sk/o-obci/
sk/komisia-o-ochrane-verejneho-zaujmu-pri-vykone-funkcii-verejnych-funkcionarov.html,/ochodnica/sk/samosprava/
sk/komisia-o-ochrane-verejneho-zaujmu-pri-vykone-funkcii-verejnych-funkcionarov.html,/ochodnica/sk/uradne-oznamy/
sk/komisia-o-ochrane-verejneho-zaujmu-pri-vykone-funkcii-verejnych-funkcionarov.html,/ochodnica/sk/obcan-a-podnikatel/
sk/vyzva-na-predlozenie-cenovej-ponuky-vystavba-vodomernej-zelezobetonovej-sachty-v-obci-ochodnica.html,/ochodnica/sk/o-obci/
sk/vyzva-na-predlozenie-cenovej-ponuky-vystavba-vodomernej-zelezobetonovej-sachty-v-obci-ochodnica.html,/ochodnica/sk/samosprava/
sk/vyzva-na-predlozenie-cenovej-ponuky-vystavba-vodomernej-zelezobetonovej-sachty-v-obci-ochodnica.html,/ochodnica/sk/uradne-oznamy/
sk/vyzva-na-predlozenie-cenovej-ponuky-vystavba-vodomernej-zelezobetonovej-sachty-v-obci-ochodnica.html,/ochodnica/sk/obcan-a-podnikatel/
sk/faktury-materskej-skoly.html,/ochodnica/sk/o-obci/
sk/faktury-materskej-skoly.html,/ochodnica/sk/samosprava/
sk/faktury-materskej-skoly.html,/ochodnica/sk/uradne-oznamy/
sk/faktury-materskej-skoly.html,/ochodnica/sk/obcan-a-podnikatel/
sk/faktury-materskej-skoly.html,/ochodnica/sk/stranky/materska-skola/
sk/rekonstrukcia-detskeho-ihriska-pri-ms-ochodnica.html,/ochodnica/sk/o-obci/
sk/rekonstrukcia-detskeho-ihriska-pri-ms-ochodnica.html,/ochodnica/sk/samosprava/
sk/rekonstrukcia-detskeho-ihriska-pri-ms-ochodnica.html,/ochodnica/sk/uradne-oznamy/
sk/rekonstrukcia-detskeho-ihriska-pri-ms-ochodnica.html,/ochodnica/sk/obcan-a-podnikatel/
sk/turisticke-trasy.html,/ochodnica/sk/o-obci/
sk/turisticke-trasy.html,/ochodnica/sk/samosprava/
sk/turisticke-trasy.html,/ochodnica/sk/uradne-oznamy/
sk/turisticke-trasy.html,/ochodnica/sk/obcan-a-podnikatel/
sk/turisticke-trasy.html,/ochodnica/sk/stranky/pre-turistov/
sk/farnost.html,/ochodnica/sk/o-obci/
sk/farnost.html,/ochodnica/sk/samosprava/
sk/farnost.html,/ochodnica/sk/uradne-oznamy/
sk/farnost.html,/ochodnica/sk/obcan-a-podnikatel/
sk/rss-exporty.html,/ochodnica/sk/o-obci/
sk/rss-exporty.html,/ochodnica/sk/samosprava/
sk/rss-exporty.html,/ochodnica/sk/uradne-oznamy/
sk/rss-exporty.html,/ochodnica/sk/obcan-a-podnikatel/
sk/komunalne-volby-2010.html,/ochodnica/sk/o-obci/
sk/komunalne-volby-2010.html,/ochodnica/sk/samosprava/
sk/komunalne-volby-2010.html,/ochodnica/sk/uradne-oznamy/
sk/komunalne-volby-2010.html,/ochodnica/sk/obcan-a-podnikatel/
sk/komunalne-volby-2010.html,/ochodnica/sk/stranky/komunalne-volby/
sk/webove-sidlo.html,/ochodnica/sk/o-obci/
sk/webove-sidlo.html,/ochodnica/sk/samosprava/
sk/webove-sidlo.html,/ochodnica/sk/uradne-oznamy/
sk/webove-sidlo.html,/ochodnica/sk/obcan-a-podnikatel/
sk/elektronicke-sluzby.html,/ochodnica/sk/o-obci/
sk/elektronicke-sluzby.html,/ochodnica/sk/samosprava/
sk/elektronicke-sluzby.html,/ochodnica/sk/uradne-oznamy/
sk/elektronicke-sluzby.html,/ochodnica/sk/obcan-a-podnikatel/
sk/vyzva-na-predlozenie-cenovej-ponuky-kulturny-dom-ochodnica-stavebne-upravy.html,/ochodnica/sk/o-obci/
sk/vyzva-na-predlozenie-cenovej-ponuky-kulturny-dom-ochodnica-stavebne-upravy.html,/ochodnica/sk/samosprava/
sk/vyzva-na-predlozenie-cenovej-ponuky-kulturny-dom-ochodnica-stavebne-upravy.html,/ochodnica/sk/uradne-oznamy/
sk/vyzva-na-predlozenie-cenovej-ponuky-kulturny-dom-ochodnica-stavebne-upravy.html,/ochodnica/sk/obcan-a-podnikatel/
sk/komisia-bytova-a-kulturna.html,/ochodnica/sk/o-obci/
sk/komisia-bytova-a-kulturna.html,/ochodnica/sk/samosprava/
sk/komisia-bytova-a-kulturna.html,/ochodnica/sk/uradne-oznamy/
sk/komisia-bytova-a-kulturna.html,/ochodnica/sk/obcan-a-podnikatel/
sk/komunalne-volby-2014.html,/ochodnica/sk/o-obci/
sk/komunalne-volby-2014.html,/ochodnica/sk/samosprava/
sk/komunalne-volby-2014.html,/ochodnica/sk/uradne-oznamy/
sk/komunalne-volby-2014.html,/ochodnica/sk/obcan-a-podnikatel/
sk/komunalne-volby-2014.html,/ochodnica/sk/stranky/komunalne-volby/
sk/obecny-urad.html,/ochodnica/sk/o-obci/
sk/obecny-urad.html,/ochodnica/sk/samosprava/
sk/obecny-urad.html,/ochodnica/sk/uradne-oznamy/
sk/obecny-urad.html,/ochodnica/sk/obcan-a-podnikatel/
sk/prehlasenie-o-pristupnosti.html,/ochodnica/sk/o-obci/
sk/prehlasenie-o-pristupnosti.html,/ochodnica/sk/samosprava/
sk/prehlasenie-o-pristupnosti.html,/ochodnica/sk/uradne-oznamy/
sk/prehlasenie-o-pristupnosti.html,/ochodnica/sk/obcan-a-podnikatel/
sk/vyzva-na-predlozenie-cenovej-ponuky-energeticka-sluzba-verejne-osvetlenie-obce-ochodnica.html,/ochodnica/sk/o-obci/
sk/vyzva-na-predlozenie-cenovej-ponuky-energeticka-sluzba-verejne-osvetlenie-obce-ochodnica.html,/ochodnica/sk/samosprava/
sk/vyzva-na-predlozenie-cenovej-ponuky-energeticka-sluzba-verejne-osvetlenie-obce-ochodnica.html,/ochodnica/sk/uradne-oznamy/
sk/vyzva-na-predlozenie-cenovej-ponuky-energeticka-sluzba-verejne-osvetlenie-obce-ochodnica.html,/ochodnica/sk/obcan-a-podnikatel/
sk/vystavba-chodnikov-na-cintorine-v-obci-ochodnica.html,/ochodnica/sk/o-obci/
sk/vystavba-chodnikov-na-cintorine-v-obci-ochodnica.html,/ochodnica/sk/samosprava/
sk/vystavba-chodnikov-na-cintorine-v-obci-ochodnica.html,/ochodnica/sk/uradne-oznamy/
sk/vystavba-chodnikov-na-cintorine-v-obci-ochodnica.html,/ochodnica/sk/obcan-a-podnikatel/
sk/cyklotrasy.html,/ochodnica/sk/o-obci/
sk/cyklotrasy.html,/ochodnica/sk/samosprava/
sk/cyklotrasy.html,/ochodnica/sk/uradne-oznamy/
sk/cyklotrasy.html,/ochodnica/sk/obcan-a-podnikatel/
sk/cyklotrasy.html,/ochodnica/sk/stranky/pre-turistov/
sk/faktury.html,/ochodnica/sk/o-obci/
sk/faktury.html,/ochodnica/sk/samosprava/
sk/faktury.html,/ochodnica/sk/uradne-oznamy/
sk/faktury.html,/ochodnica/sk/obcan-a-podnikatel/
sk/faktury.html,/ochodnica/sk/stranky/zmluvy-faktury-a-objednavky/
sk/vyzva-na-predlozenie-cenovej-ponuky-autobusova-zastavka-v-ochodnici.html,/ochodnica/sk/o-obci/
sk/vyzva-na-predlozenie-cenovej-ponuky-autobusova-zastavka-v-ochodnici.html,/ochodnica/sk/samosprava/
sk/vyzva-na-predlozenie-cenovej-ponuky-autobusova-zastavka-v-ochodnici.html,/ochodnica/sk/uradne-oznamy/
sk/vyzva-na-predlozenie-cenovej-ponuky-autobusova-zastavka-v-ochodnici.html,/ochodnica/sk/obcan-a-podnikatel/
sk/zmluvy-obce.html,/ochodnica/sk/o-obci/
sk/zmluvy-obce.html,/ochodnica/sk/samosprava/
sk/zmluvy-obce.html,/ochodnica/sk/uradne-oznamy/
sk/zmluvy-obce.html,/ochodnica/sk/obcan-a-podnikatel/
sk/zmluvy-obce.html,/ochodnica/sk/stranky/zmluvy-faktury-a-objednavky/
sk/ochodnica-a-mucharz-partnerstvo-na-ochranu-nasho-dedicstva.html,/ochodnica/sk/o-obci/
sk/ochodnica-a-mucharz-partnerstvo-na-ochranu-nasho-dedicstva.html,/ochodnica/sk/samosprava/
sk/ochodnica-a-mucharz-partnerstvo-na-ochranu-nasho-dedicstva.html,/ochodnica/sk/uradne-oznamy/
sk/ochodnica-a-mucharz-partnerstvo-na-ochranu-nasho-dedicstva.html,/ochodnica/sk/obcan-a-podnikatel/
sk/odkaz-pre-starostu.html,/ochodnica/sk/o-obci/
sk/odkaz-pre-starostu.html,/ochodnica/sk/samosprava/
sk/odkaz-pre-starostu.html,/ochodnica/sk/uradne-oznamy/
sk/odkaz-pre-starostu.html,/ochodnica/sk/obcan-a-podnikatel/
sk/hasici-dhz.html,/ochodnica/sk/o-obci/
sk/hasici-dhz.html,/ochodnica/sk/samosprava/
sk/hasici-dhz.html,/ochodnica/sk/uradne-oznamy/
sk/hasici-dhz.html,/ochodnica/sk/obcan-a-podnikatel/
sk/hasici-dhz.html,/ochodnica/sk/stranky/zaujmove-organizacie/
sk/hasici-dhz.html,/ochodnica/sk/darujte-nam-2-z-dane.html
sk/vyzva-na-predlozenie-cenovej-ponuky-vystavba-detskeho-ihriska-ochodnica.html,/ochodnica/sk/o-obci/
sk/vyzva-na-predlozenie-cenovej-ponuky-vystavba-detskeho-ihriska-ochodnica.html,/ochodnica/sk/samosprava/
sk/vyzva-na-predlozenie-cenovej-ponuky-vystavba-detskeho-ihriska-ochodnica.html,/ochodnica/sk/uradne-oznamy/
sk/vyzva-na-predlozenie-cenovej-ponuky-vystavba-detskeho-ihriska-ochodnica.html,/ochodnica/sk/obcan-a-podnikatel/
sk/objednavky.html,/ochodnica/sk/o-obci/
sk/objednavky.html,/ochodnica/sk/samosprava/
sk/objednavky.html,/ochodnica/sk/uradne-oznamy/
sk/objednavky.html,/ochodnica/sk/obcan-a-podnikatel/
sk/objednavky.html,/ochodnica/sk/stranky/zmluvy-faktury-a-objednavky/
sk/mapa-stranok.html,/ochodnica/sk/o-obci/
sk/mapa-stranok.html,/ochodnica/sk/samosprava/
sk/mapa-stranok.html,/ochodnica/sk/uradne-oznamy/
sk/mapa-stranok.html,/ochodnica/sk/obcan-a-podnikatel/
sk/cestovny-poriadok.html,/ochodnica/sk/o-obci/
sk/cestovny-poriadok.html,/ochodnica/sk/samosprava/
sk/cestovny-poriadok.html,/ochodnica/sk/uradne-oznamy/
sk/cestovny-poriadok.html,/ochodnica/sk/obcan-a-podnikatel/
sk/zimne-bezkovanie.html,/ochodnica/sk/o-obci/
sk/zimne-bezkovanie.html,/ochodnica/sk/samosprava/
sk/zimne-bezkovanie.html,/ochodnica/sk/uradne-oznamy/
sk/zimne-bezkovanie.html,/ochodnica/sk/obcan-a-podnikatel/
sk/zimne-bezkovanie.html,/ochodnica/sk/stranky/pre-turistov/
sk/komisia-zivotneho-prostredia-a-sportu.html,/ochodnica/sk/o-obci/
sk/komisia-zivotneho-prostredia-a-sportu.html,/ochodnica/sk/samosprava/
sk/komisia-zivotneho-prostredia-a-sportu.html,/ochodnica/sk/uradne-oznamy/
sk/komisia-zivotneho-prostredia-a-sportu.html,/ochodnica/sk/obcan-a-podnikatel/
sk/tj-kysucan-ochodnica.html,/ochodnica/sk/o-obci/
sk/tj-kysucan-ochodnica.html,/ochodnica/sk/samosprava/
sk/tj-kysucan-ochodnica.html,/ochodnica/sk/uradne-oznamy/
sk/tj-kysucan-ochodnica.html,/ochodnica/sk/obcan-a-podnikatel/
sk/tj-kysucan-ochodnica.html,/ochodnica/sk/stranky/zaujmove-organizacie/
sk/mazoretky-ellis.html,/ochodnica/sk/o-obci/
sk/mazoretky-ellis.html,/ochodnica/sk/samosprava/
sk/mazoretky-ellis.html,/ochodnica/sk/uradne-oznamy/
sk/mazoretky-ellis.html,/ochodnica/sk/obcan-a-podnikatel/
sk/mazoretky-ellis.html,/ochodnica/sk/stranky/zaujmove-organizacie/
sk/mazoretky-ellis.html,/ochodnica/sk/2-pre-mazoretky-ellis.html
sk/autorske-prava.html,/ochodnica/sk/o-obci/
sk/autorske-prava.html,/ochodnica/sk/samosprava/
sk/autorske-prava.html,/ochodnica/sk/uradne-oznamy/
sk/autorske-prava.html,/ochodnica/sk/obcan-a-podnikatel/
sk/urbariat-pozemkove-spolocenstvo-ochodnica.html,/ochodnica/sk/o-obci/
sk/urbariat-pozemkove-spolocenstvo-ochodnica.html,/ochodnica/sk/samosprava/
sk/urbariat-pozemkove-spolocenstvo-ochodnica.html,/ochodnica/sk/uradne-oznamy/
sk/urbariat-pozemkove-spolocenstvo-ochodnica.html,/ochodnica/sk/obcan-a-podnikatel/
sk/urbariat-pozemkove-spolocenstvo-ochodnica.html,/ochodnica/sk/stranky/zaujmove-organizacie/
sk/komunalne-volby-2018.html,/ochodnica/sk/o-obci/
sk/komunalne-volby-2018.html,/ochodnica/sk/samosprava/
sk/komunalne-volby-2018.html,/ochodnica/sk/uradne-oznamy/
sk/komunalne-volby-2018.html,/ochodnica/sk/obcan-a-podnikatel/
sk/komunalne-volby-2018.html,/ochodnica/sk/stranky/komunalne-volby/
sk/komisia-financna-a-spravy-majetku.html,/ochodnica/sk/o-obci/
sk/komisia-financna-a-spravy-majetku.html,/ochodnica/sk/samosprava/
sk/komisia-financna-a-spravy-majetku.html,/ochodnica/sk/uradne-oznamy/
sk/komisia-financna-a-spravy-majetku.html,/ochodnica/sk/obcan-a-podnikatel/
sk/pre-turistov/ubytovanie-a-strava.html,/ochodnica/sk/o-obci/
sk/pre-turistov/ubytovanie-a-strava.html,/ochodnica/sk/samosprava/
sk/pre-turistov/ubytovanie-a-strava.html,/ochodnica/sk/uradne-oznamy/
sk/pre-turistov/ubytovanie-a-strava.html,/ochodnica/sk/obcan-a-podnikatel/
sk/pre-turistov/ubytovanie-a-strava.html,/ochodnica/sk/stranky/pre-turistov/
sk/pre-turistov/turisticke-trasy.html,/ochodnica/sk/o-obci/
sk/pre-turistov/turisticke-trasy.html,/ochodnica/sk/samosprava/
sk/pre-turistov/turisticke-trasy.html,/ochodnica/sk/uradne-oznamy/
sk/pre-turistov/turisticke-trasy.html,/ochodnica/sk/obcan-a-podnikatel/
sk/pre-turistov/turisticke-trasy.html,/ochodnica/sk/stranky/pre-turistov/
sk/pre-turistov/cyklotrasy.html,/ochodnica/sk/o-obci/
sk/pre-turistov/cyklotrasy.html,/ochodnica/sk/samosprava/
sk/pre-turistov/cyklotrasy.html,/ochodnica/sk/uradne-oznamy/
sk/pre-turistov/cyklotrasy.html,/ochodnica/sk/obcan-a-podnikatel/
sk/pre-turistov/cyklotrasy.html,/ochodnica/sk/stranky/pre-turistov/
sk/pre-turistov/zimne-bezkovanie.html,/ochodnica/sk/o-obci/
sk/pre-turistov/zimne-bezkovanie.html,/ochodnica/sk/samosprava/
sk/pre-turistov/zimne-bezkovanie.html,/ochodnica/sk/uradne-oznamy/
sk/pre-turistov/zimne-bezkovanie.html,/ochodnica/sk/obcan-a-podnikatel/
sk/pre-turistov/zimne-bezkovanie.html,/ochodnica/sk/stranky/pre-turistov/
sk/galeria/memorial-miroslava-radolskeho-priniesol-do-ochodnice-futbal-spomienky-i-priatelske-stretnutia.html,/ochodnica/sk/o-obci/
sk/galeria/memorial-miroslava-radolskeho-priniesol-do-ochodnice-futbal-spomienky-i-priatelske-stretnutia.html,/ochodnica/sk/samosprava/
sk/galeria/memorial-miroslava-radolskeho-priniesol-do-ochodnice-futbal-spomienky-i-priatelske-stretnutia.html,/ochodnica/sk/uradne-oznamy/
sk/galeria/memorial-miroslava-radolskeho-priniesol-do-ochodnice-futbal-spomienky-i-priatelske-stretnutia.html,/ochodnica/sk/obcan-a-podnikatel/
sk/galeria/martinske-hody-v-ochodnici-priniesli-prijemnu-atmosferu-a-spolocne-stretnutia.html,/ochodnica/sk/o-obci/
sk/galeria/martinske-hody-v-ochodnici-priniesli-prijemnu-atmosferu-a-spolocne-stretnutia.html,/ochodnica/sk/samosprava/
sk/galeria/martinske-hody-v-ochodnici-priniesli-prijemnu-atmosferu-a-spolocne-stretnutia.html,/ochodnica/sk/uradne-oznamy/
sk/galeria/martinske-hody-v-ochodnici-priniesli-prijemnu-atmosferu-a-spolocne-stretnutia.html,/ochodnica/sk/obcan-a-podnikatel/
sk/galeria/ochodnica-oslavila-den-matiek-slavnostnym-programom.html,/ochodnica/sk/o-obci/
sk/galeria/ochodnica-oslavila-den-matiek-slavnostnym-programom.html,/ochodnica/sk/samosprava/
sk/galeria/ochodnica-oslavila-den-matiek-slavnostnym-programom.html,/ochodnica/sk/uradne-oznamy/
sk/galeria/ochodnica-oslavila-den-matiek-slavnostnym-programom.html,/ochodnica/sk/obcan-a-podnikatel/
sk/galeria/podakovanie-dhz-ochodnica.html,/ochodnica/sk/o-obci/
sk/galeria/podakovanie-dhz-ochodnica.html,/ochodnica/sk/samosprava/
sk/galeria/podakovanie-dhz-ochodnica.html,/ochodnica/sk/uradne-oznamy/
sk/galeria/podakovanie-dhz-ochodnica.html,/ochodnica/sk/obcan-a-podnikatel/
sk/galeria/folklorny-festival-spojil-tradicie-hudbu-a-oslavy-430-vyrocia-obce.html,/ochodnica/sk/o-obci/
sk/galeria/folklorny-festival-spojil-tradicie-hudbu-a-oslavy-430-vyrocia-obce.html,/ochodnica/sk/samosprava/
sk/galeria/folklorny-festival-spojil-tradicie-hudbu-a-oslavy-430-vyrocia-obce.html,/ochodnica/sk/uradne-oznamy/
sk/galeria/folklorny-festival-spojil-tradicie-hudbu-a-oslavy-430-vyrocia-obce.html,/ochodnica/sk/obcan-a-podnikatel/
sk/galeria/vianocna-atmosfera-naplnila-amfiteater-v-ochodnici.html,/ochodnica/sk/o-obci/
sk/galeria/vianocna-atmosfera-naplnila-amfiteater-v-ochodnici.html,/ochodnica/sk/samosprava/
sk/galeria/vianocna-atmosfera-naplnila-amfiteater-v-ochodnici.html,/ochodnica/sk/uradne-oznamy/
sk/galeria/vianocna-atmosfera-naplnila-amfiteater-v-ochodnici.html,/ochodnica/sk/obcan-a-podnikatel/
sk/galeria/medzinarodny-den-deti-v-nasej-obci-je-uspesne-za-nami.html,/ochodnica/sk/o-obci/
sk/galeria/medzinarodny-den-deti-v-nasej-obci-je-uspesne-za-nami.html,/ochodnica/sk/samosprava/
sk/galeria/medzinarodny-den-deti-v-nasej-obci-je-uspesne-za-nami.html,/ochodnica/sk/uradne-oznamy/
sk/galeria/medzinarodny-den-deti-v-nasej-obci-je-uspesne-za-nami.html,/ochodnica/sk/obcan-a-podnikatel/
sk/galeria/ochodnica-privitala-do-zivota-novych-obcanov-obce.html,/ochodnica/sk/o-obci/
sk/galeria/ochodnica-privitala-do-zivota-novych-obcanov-obce.html,/ochodnica/sk/samosprava/
sk/galeria/ochodnica-privitala-do-zivota-novych-obcanov-obce.html,/ochodnica/sk/uradne-oznamy/
sk/galeria/ochodnica-privitala-do-zivota-novych-obcanov-obce.html,/ochodnica/sk/obcan-a-podnikatel/
sk/galeria/hasicska-sutaz-v-ochodnici-plna-skvelych-vykonov.html,/ochodnica/sk/o-obci/
sk/galeria/hasicska-sutaz-v-ochodnici-plna-skvelych-vykonov.html,/ochodnica/sk/samosprava/
sk/galeria/hasicska-sutaz-v-ochodnici-plna-skvelych-vykonov.html,/ochodnica/sk/uradne-oznamy/
sk/galeria/hasicska-sutaz-v-ochodnici-plna-skvelych-vykonov.html,/ochodnica/sk/obcan-a-podnikatel/
sk/galeria/tradicne-palenie-moreny-v-ochodnici-privitalo-jar.html,/ochodnica/sk/o-obci/
sk/galeria/tradicne-palenie-moreny-v-ochodnici-privitalo-jar.html,/ochodnica/sk/samosprava/
sk/galeria/tradicne-palenie-moreny-v-ochodnici-privitalo-jar.html,/ochodnica/sk/uradne-oznamy/
sk/galeria/tradicne-palenie-moreny-v-ochodnici-privitalo-jar.html,/ochodnica/sk/obcan-a-podnikatel/
sk/materska-skola/zmluvy-ms.html,/ochodnica/sk/o-obci/
sk/materska-skola/zmluvy-ms.html,/ochodnica/sk/samosprava/
sk/materska-skola/zmluvy-ms.html,/ochodnica/sk/uradne-oznamy/
sk/materska-skola/zmluvy-ms.html,/ochodnica/sk/obcan-a-podnikatel/
sk/materska-skola/zmluvy-ms.html,/ochodnica/sk/stranky/materska-skola/
sk/materska-skola/faktury-materskej-skoly.html,/ochodnica/sk/o-obci/
sk/materska-skola/faktury-materskej-skoly.html,/ochodnica/sk/samosprava/
sk/materska-skola/faktury-materskej-skoly.html,/ochodnica/sk/uradne-oznamy/
sk/materska-skola/faktury-materskej-skoly.html,/ochodnica/sk/obcan-a-podnikatel/
sk/materska-skola/faktury-materskej-skoly.html,/ochodnica/sk/stranky/materska-skola/
sk/materska-skola/objednavky-materskej-skoly.html,/ochodnica/sk/o-obci/
sk/materska-skola/objednavky-materskej-skoly.html,/ochodnica/sk/samosprava/
sk/materska-skola/objednavky-materskej-skoly.html,/ochodnica/sk/uradne-oznamy/
sk/materska-skola/objednavky-materskej-skoly.html,/ochodnica/sk/obcan-a-podnikatel/
sk/materska-skola/objednavky-materskej-skoly.html,/ochodnica/sk/stranky/materska-skola/
sk/obcan-a-podnikatel/kontakt.html,/ochodnica/sk/o-obci/
sk/obcan-a-podnikatel/kontakt.html,/ochodnica/sk/samosprava/
sk/obcan-a-podnikatel/kontakt.html,/ochodnica/sk/uradne-oznamy/
sk/obcan-a-podnikatel/kontakt.html,/ochodnica/sk/obcan-a-podnikatel/
sk/obcan-a-podnikatel/cintorin.html,/ochodnica/sk/o-obci/
sk/obcan-a-podnikatel/cintorin.html,/ochodnica/sk/samosprava/
sk/obcan-a-podnikatel/cintorin.html,/ochodnica/sk/uradne-oznamy/
sk/obcan-a-podnikatel/cintorin.html,/ochodnica/sk/obcan-a-podnikatel/
sk/obcan-a-podnikatel/civilna-ochrana.html,/ochodnica/sk/o-obci/
sk/obcan-a-podnikatel/civilna-ochrana.html,/ochodnica/sk/samosprava/
sk/obcan-a-podnikatel/civilna-ochrana.html,/ochodnica/sk/uradne-oznamy/
sk/obcan-a-podnikatel/civilna-ochrana.html,/ochodnica/sk/obcan-a-podnikatel/
sk/obcan-a-podnikatel/firmy-a-organizacie.html,/ochodnica/sk/o-obci/
sk/obcan-a-podnikatel/firmy-a-organizacie.html,/ochodnica/sk/samosprava/
sk/obcan-a-podnikatel/firmy-a-organizacie.html,/ochodnica/sk/uradne-oznamy/
sk/obcan-a-podnikatel/firmy-a-organizacie.html,/ochodnica/sk/obcan-a-podnikatel/
sk/obcan-a-podnikatel/materska-skola.html,/ochodnica/sk/o-obci/
sk/obcan-a-podnikatel/materska-skola.html,/ochodnica/sk/samosprava/
sk/obcan-a-podnikatel/materska-skola.html,/ochodnica/sk/uradne-oznamy/
sk/obcan-a-podnikatel/materska-skola.html,/ochodnica/sk/obcan-a-podnikatel/
sk/obcan-a-podnikatel/separovany-zber-a-vyvoz-odpadu.html,/ochodnica/sk/o-obci/
sk/obcan-a-podnikatel/separovany-zber-a-vyvoz-odpadu.html,/ochodnica/sk/samosprava/
sk/obcan-a-podnikatel/separovany-zber-a-vyvoz-odpadu.html,/ochodnica/sk/uradne-oznamy/
sk/obcan-a-podnikatel/separovany-zber-a-vyvoz-odpadu.html,/ochodnica/sk/obcan-a-podnikatel/
sk/obcan-a-podnikatel/centrum-volneho-casu.html,/ochodnica/sk/o-obci/
sk/obcan-a-podnikatel/centrum-volneho-casu.html,/ochodnica/sk/samosprava/
sk/obcan-a-podnikatel/centrum-volneho-casu.html,/ochodnica/sk/uradne-oznamy/
sk/obcan-a-podnikatel/centrum-volneho-casu.html,/ochodnica/sk/obcan-a-podnikatel/
sk/obcan-a-podnikatel/dolezite-telefonne-cisla.html,/ochodnica/sk/o-obci/
sk/obcan-a-podnikatel/dolezite-telefonne-cisla.html,/ochodnica/sk/samosprava/
sk/obcan-a-podnikatel/dolezite-telefonne-cisla.html,/ochodnica/sk/uradne-oznamy/
sk/obcan-a-podnikatel/dolezite-telefonne-cisla.html,/ochodnica/sk/obcan-a-podnikatel/
sk/obcan-a-podnikatel/farnost.html,/ochodnica/sk/o-obci/
sk/obcan-a-podnikatel/farnost.html,/ochodnica/sk/samosprava/
sk/obcan-a-podnikatel/farnost.html,/ochodnica/sk/uradne-oznamy/
sk/obcan-a-podnikatel/farnost.html,/ochodnica/sk/obcan-a-podnikatel/
sk/obcan-a-podnikatel/zakladna-skola.html,/ochodnica/sk/o-obci/
sk/obcan-a-podnikatel/zakladna-skola.html,/ochodnica/sk/samosprava/
sk/obcan-a-podnikatel/zakladna-skola.html,/ochodnica/sk/uradne-oznamy/
sk/obcan-a-podnikatel/zakladna-skola.html,/ochodnica/sk/obcan-a-podnikatel/
sk/obcan-a-podnikatel/zoznam-danovych-dlznikov.html,/ochodnica/sk/o-obci/
sk/obcan-a-podnikatel/zoznam-danovych-dlznikov.html,/ochodnica/sk/samosprava/
sk/obcan-a-podnikatel/zoznam-danovych-dlznikov.html,/ochodnica/sk/uradne-oznamy/
sk/obcan-a-podnikatel/zoznam-danovych-dlznikov.html,/ochodnica/sk/obcan-a-podnikatel/
sk/obcan-a-podnikatel/obecna-kniznica.html,/ochodnica/sk/o-obci/
sk/obcan-a-podnikatel/obecna-kniznica.html,/ochodnica/sk/samosprava/
sk/obcan-a-podnikatel/obecna-kniznica.html,/ochodnica/sk/uradne-oznamy/
sk/obcan-a-podnikatel/obecna-kniznica.html,/ochodnica/sk/obcan-a-podnikatel/
sk/obcan-a-podnikatel/najomne-byty.html,/ochodnica/sk/o-obci/
sk/obcan-a-podnikatel/najomne-byty.html,/ochodnica/sk/samosprava/
sk/obcan-a-podnikatel/najomne-byty.html,/ochodnica/sk/uradne-oznamy/
sk/obcan-a-podnikatel/najomne-byty.html,/ochodnica/sk/obcan-a-podnikatel/
sk/obcan-a-podnikatel/poskytnutie-dotacie-z-rozpoctu-obce.html,/ochodnica/sk/o-obci/
sk/obcan-a-podnikatel/poskytnutie-dotacie-z-rozpoctu-obce.html,/ochodnica/sk/samosprava/
sk/obcan-a-podnikatel/poskytnutie-dotacie-z-rozpoctu-obce.html,/ochodnica/sk/uradne-oznamy/
sk/obcan-a-podnikatel/poskytnutie-dotacie-z-rozpoctu-obce.html,/ochodnica/sk/obcan-a-podnikatel/
sk/obcan-a-podnikatel/zaujmove-organizacie.html,/ochodnica/sk/o-obci/
sk/obcan-a-podnikatel/zaujmove-organizacie.html,/ochodnica/sk/samosprava/
sk/obcan-a-podnikatel/zaujmove-organizacie.html,/ochodnica/sk/uradne-oznamy/
sk/obcan-a-podnikatel/zaujmove-organizacie.html,/ochodnica/sk/obcan-a-podnikatel/
sk/obcan-a-podnikatel/kulturny-dom.html,/ochodnica/sk/o-obci/
sk/obcan-a-podnikatel/kulturny-dom.html,/ochodnica/sk/samosprava/
sk/obcan-a-podnikatel/kulturny-dom.html,/ochodnica/sk/uradne-oznamy/
sk/obcan-a-podnikatel/kulturny-dom.html,/ochodnica/sk/obcan-a-podnikatel/
sk/obcan-a-podnikatel/videogaleria.html,/ochodnica/sk/o-obci/
sk/obcan-a-podnikatel/videogaleria.html,/ochodnica/sk/samosprava/
sk/obcan-a-podnikatel/videogaleria.html,/ochodnica/sk/uradne-oznamy/
sk/obcan-a-podnikatel/videogaleria.html,/ochodnica/sk/obcan-a-podnikatel/
sk/centrum-volneho-casu/kontakt-na-cvc.html,/ochodnica/sk/o-obci/
sk/centrum-volneho-casu/kontakt-na-cvc.html,/ochodnica/sk/samosprava/
sk/centrum-volneho-casu/kontakt-na-cvc.html,/ochodnica/sk/uradne-oznamy/
sk/centrum-volneho-casu/kontakt-na-cvc.html,/ochodnica/sk/obcan-a-podnikatel/
sk/centrum-volneho-casu/kontakt-na-cvc.html,/ochodnica/sk/stranky/centrum-volneho-casu/
sk/o-obci/zakladne-dokumenty.html,/ochodnica/sk/o-obci/
sk/o-obci/zakladne-dokumenty.html,/ochodnica/sk/samosprava/
sk/o-obci/zakladne-dokumenty.html,/ochodnica/sk/uradne-oznamy/
sk/o-obci/zakladne-dokumenty.html,/ochodnica/sk/obcan-a-podnikatel/
sk/o-obci/noviny-ochodnican.html,/ochodnica/sk/o-obci/
sk/o-obci/noviny-ochodnican.html,/ochodnica/sk/samosprava/
sk/o-obci/noviny-ochodnican.html,/ochodnica/sk/uradne-oznamy/
sk/o-obci/noviny-ochodnican.html,/ochodnica/sk/obcan-a-podnikatel/
sk/o-obci/uzemny-plan.html,/ochodnica/sk/o-obci/
sk/o-obci/uzemny-plan.html,/ochodnica/sk/samosprava/
sk/o-obci/uzemny-plan.html,/ochodnica/sk/uradne-oznamy/
sk/o-obci/uzemny-plan.html,/ochodnica/sk/obcan-a-podnikatel/
sk/o-obci/mineralny-pramen.html,/ochodnica/sk/o-obci/
sk/o-obci/mineralny-pramen.html,/ochodnica/sk/samosprava/
sk/o-obci/mineralny-pramen.html,/ochodnica/sk/uradne-oznamy/
sk/o-obci/mineralny-pramen.html,/ochodnica/sk/obcan-a-podnikatel/
sk/o-obci/vodna-nadrz-ochodnica.html,/ochodnica/sk/o-obci/
sk/o-obci/vodna-nadrz-ochodnica.html,/ochodnica/sk/samosprava/
sk/o-obci/vodna-nadrz-ochodnica.html,/ochodnica/sk/uradne-oznamy/
sk/o-obci/vodna-nadrz-ochodnica.html,/ochodnica/sk/obcan-a-podnikatel/
sk/o-obci/historia.html,/ochodnica/sk/o-obci/
sk/o-obci/historia.html,/ochodnica/sk/samosprava/
sk/o-obci/historia.html,/ochodnica/sk/uradne-oznamy/
sk/o-obci/historia.html,/ochodnica/sk/obcan-a-podnikatel/
sk/o-obci/doprava.html,/ochodnica/sk/o-obci/
sk/o-obci/doprava.html,/ochodnica/sk/samosprava/
sk/o-obci/doprava.html,/ochodnica/sk/uradne-oznamy/
sk/o-obci/doprava.html,/ochodnica/sk/obcan-a-podnikatel/
sk/o-obci/historicke-osady.html,/ochodnica/sk/o-obci/
sk/o-obci/historicke-osady.html,/ochodnica/sk/samosprava/
sk/o-obci/historicke-osady.html,/ochodnica/sk/uradne-oznamy/
sk/o-obci/historicke-osady.html,/ochodnica/sk/obcan-a-podnikatel/
sk/o-obci/symboly-obce.html,/ochodnica/sk/o-obci/
sk/o-obci/symboly-obce.html,/ochodnica/sk/samosprava/
sk/o-obci/symboly-obce.html,/ochodnica/sk/uradne-oznamy/
sk/o-obci/symboly-obce.html,/ochodnica/sk/obcan-a-podnikatel/
sk/o-obci/mapy-obce.html,/ochodnica/sk/o-obci/
sk/o-obci/mapy-obce.html,/ochodnica/sk/samosprava/
sk/o-obci/mapy-obce.html,/ochodnica/sk/uradne-oznamy/
sk/o-obci/mapy-obce.html,/ochodnica/sk/obcan-a-podnikatel/
sk/o-obci/partnerske-obce.html,/ochodnica/sk/o-obci/
sk/o-obci/partnerske-obce.html,/ochodnica/sk/samosprava/
sk/o-obci/partnerske-obce.html,/ochodnica/sk/uradne-oznamy/
sk/o-obci/partnerske-obce.html,/ochodnica/sk/obcan-a-podnikatel/
sk/o-obci/zivot-v-obci.html,/ochodnica/sk/o-obci/
sk/o-obci/zivot-v-obci.html,/ochodnica/sk/samosprava/
sk/o-obci/zivot-v-obci.html,/ochodnica/sk/uradne-oznamy/
sk/o-obci/zivot-v-obci.html,/ochodnica/sk/obcan-a-podnikatel/
sk/o-obci/demografia.html,/ochodnica/sk/o-obci/
sk/o-obci/demografia.html,/ochodnica/sk/samosprava/
sk/o-obci/demografia.html,/ochodnica/sk/uradne-oznamy/
sk/o-obci/demografia.html,/ochodnica/sk/obcan-a-podnikatel/
sk/o-obci/pre-turistov.html,/ochodnica/sk/o-obci/
sk/o-obci/pre-turistov.html,/ochodnica/sk/samosprava/
sk/o-obci/pre-turistov.html,/ochodnica/sk/uradne-oznamy/
sk/o-obci/pre-turistov.html,/ochodnica/sk/obcan-a-podnikatel/
sk/o-obci/poloha.html,/ochodnica/sk/o-obci/
sk/o-obci/poloha.html,/ochodnica/sk/samosprava/
sk/o-obci/poloha.html,/ochodnica/sk/uradne-oznamy/
sk/o-obci/poloha.html,/ochodnica/sk/obcan-a-podnikatel/
sk/vyhladavanie/index.html,/ochodnica/sk/o-obci/
sk/vyhladavanie/index.html,/ochodnica/sk/samosprava/
sk/vyhladavanie/index.html,/ochodnica/sk/uradne-oznamy/
sk/vyhladavanie/index.html,/ochodnica/sk/obcan-a-podnikatel/
sk/zaujmove-organizacie/slovensky-zvaez-zahradkarov.html,/ochodnica/sk/o-obci/
sk/zaujmove-organizacie/slovensky-zvaez-zahradkarov.html,/ochodnica/sk/samosprava/
sk/zaujmove-organizacie/slovensky-zvaez-zahradkarov.html,/ochodnica/sk/uradne-oznamy/
sk/zaujmove-organizacie/slovensky-zvaez-zahradkarov.html,/ochodnica/sk/obcan-a-podnikatel/
sk/zaujmove-organizacie/slovensky-zvaez-zahradkarov.html,/ochodnica/sk/stranky/zaujmove-organizacie/
sk/zaujmove-organizacie/zdruzenie-drobnovlastnikov-lesov-obce-ochodnica.html,/ochodnica/sk/o-obci/
sk/zaujmove-organizacie/zdruzenie-drobnovlastnikov-lesov-obce-ochodnica.html,/ochodnica/sk/samosprava/
sk/zaujmove-organizacie/zdruzenie-drobnovlastnikov-lesov-obce-ochodnica.html,/ochodnica/sk/uradne-oznamy/
sk/zaujmove-organizacie/zdruzenie-drobnovlastnikov-lesov-obce-ochodnica.html,/ochodnica/sk/obcan-a-podnikatel/
sk/zaujmove-organizacie/zdruzenie-drobnovlastnikov-lesov-obce-ochodnica.html,/ochodnica/sk/stranky/zaujmove-organizacie/
sk/zaujmove-organizacie/folklorna-skupina-kycera.html,/ochodnica/sk/o-obci/
sk/zaujmove-organizacie/folklorna-skupina-kycera.html,/ochodnica/sk/samosprava/
sk/zaujmove-organizacie/folklorna-skupina-kycera.html,/ochodnica/sk/uradne-oznamy/
sk/zaujmove-organizacie/folklorna-skupina-kycera.html,/ochodnica/sk/obcan-a-podnikatel/
sk/zaujmove-organizacie/folklorna-skupina-kycera.html,/ochodnica/sk/stranky/zaujmove-organizacie/
sk/zaujmove-organizacie/hasici-dhz.html,/ochodnica/sk/o-obci/
sk/zaujmove-organizacie/hasici-dhz.html,/ochodnica/sk/samosprava/
sk/zaujmove-organizacie/hasici-dhz.html,/ochodnica/sk/uradne-oznamy/
sk/zaujmove-organizacie/hasici-dhz.html,/ochodnica/sk/obcan-a-podnikatel/
sk/zaujmove-organizacie/hasici-dhz.html,/ochodnica/sk/stranky/zaujmove-organizacie/
sk/zaujmove-organizacie/hasici-dhz.html,/ochodnica/sk/darujte-nam-2-z-dane.html
sk/zaujmove-organizacie/tj-kysucan-ochodnica.html,/ochodnica/sk/o-obci/
sk/zaujmove-organizacie/tj-kysucan-ochodnica.html,/ochodnica/sk/samosprava/
sk/zaujmove-organizacie/tj-kysucan-ochodnica.html,/ochodnica/sk/uradne-oznamy/
sk/zaujmove-organizacie/tj-kysucan-ochodnica.html,/ochodnica/sk/obcan-a-podnikatel/
sk/zaujmove-organizacie/tj-kysucan-ochodnica.html,/ochodnica/sk/stranky/zaujmove-organizacie/
sk/zaujmove-organizacie/mazoretky-ellis.html,/ochodnica/sk/o-obci/
sk/zaujmove-organizacie/mazoretky-ellis.html,/ochodnica/sk/samosprava/
sk/zaujmove-organizacie/mazoretky-ellis.html,/ochodnica/sk/uradne-oznamy/
sk/zaujmove-organizacie/mazoretky-ellis.html,/ochodnica/sk/obcan-a-podnikatel/
sk/zaujmove-organizacie/mazoretky-ellis.html,/ochodnica/sk/stranky/zaujmove-organizacie/
sk/zaujmove-organizacie/mazoretky-ellis.html,/ochodnica/sk/2-pre-mazoretky-ellis.html
sk/zaujmove-organizacie/urbariat-pozemkove-spolocenstvo-ochodnica.html,/ochodnica/sk/o-obci/
sk/zaujmove-organizacie/urbariat-pozemkove-spolocenstvo-ochodnica.html,/ochodnica/sk/samosprava/
sk/zaujmove-organizacie/urbariat-pozemkove-spolocenstvo-ochodnica.html,/ochodnica/sk/uradne-oznamy/
sk/zaujmove-organizacie/urbariat-pozemkove-spolocenstvo-ochodnica.html,/ochodnica/sk/obcan-a-podnikatel/
sk/zaujmove-organizacie/urbariat-pozemkove-spolocenstvo-ochodnica.html,/ochodnica/sk/stranky/zaujmove-organizacie/
sk/samosprava/stavebny-urad.html,/ochodnica/sk/o-obci/
sk/samosprava/stavebny-urad.html,/ochodnica/sk/samosprava/
sk/samosprava/stavebny-urad.html,/ochodnica/sk/uradne-oznamy/
sk/samosprava/stavebny-urad.html,/ochodnica/sk/obcan-a-podnikatel/
sk/samosprava/opravny-prostriedok.html,/ochodnica/sk/o-obci/
sk/samosprava/opravny-prostriedok.html,/ochodnica/sk/samosprava/
sk/samosprava/opravny-prostriedok.html,/ochodnica/sk/uradne-oznamy/
sk/samosprava/opravny-prostriedok.html,/ochodnica/sk/obcan-a-podnikatel/
sk/samosprava/ziadost-podnet-navrh-ziadost.html,/ochodnica/sk/o-obci/
sk/samosprava/ziadost-podnet-navrh-ziadost.html,/ochodnica/sk/samosprava/
sk/samosprava/ziadost-podnet-navrh-ziadost.html,/ochodnica/sk/uradne-oznamy/
sk/samosprava/ziadost-podnet-navrh-ziadost.html,/ochodnica/sk/obcan-a-podnikatel/
sk/samosprava/projekty-a-dotacie.html,/ochodnica/sk/o-obci/
sk/samosprava/projekty-a-dotacie.html,/ochodnica/sk/samosprava/
sk/samosprava/projekty-a-dotacie.html,/ochodnica/sk/uradne-oznamy/
sk/samosprava/projekty-a-dotacie.html,/ochodnica/sk/obcan-a-podnikatel/
sk/samosprava/obecne-zastupitelstvo.html,/ochodnica/sk/o-obci/
sk/samosprava/obecne-zastupitelstvo.html,/ochodnica/sk/samosprava/
sk/samosprava/obecne-zastupitelstvo.html,/ochodnica/sk/uradne-oznamy/
sk/samosprava/obecne-zastupitelstvo.html,/ochodnica/sk/obcan-a-podnikatel/
sk/samosprava/ziskavanie-informacie.html,/ochodnica/sk/o-obci/
sk/samosprava/ziskavanie-informacie.html,/ochodnica/sk/samosprava/
sk/samosprava/ziskavanie-informacie.html,/ochodnica/sk/uradne-oznamy/
sk/samosprava/ziskavanie-informacie.html,/ochodnica/sk/obcan-a-podnikatel/
sk/samosprava/zmluvy-faktury-a-objednavky.html,/ochodnica/sk/o-obci/
sk/samosprava/zmluvy-faktury-a-objednavky.html,/ochodnica/sk/samosprava/
sk/samosprava/zmluvy-faktury-a-objednavky.html,/ochodnica/sk/uradne-oznamy/
sk/samosprava/zmluvy-faktury-a-objednavky.html,/ochodnica/sk/obcan-a-podnikatel/
sk/samosprava/sadzobnik-dani-a-poplatkov.html,/ochodnica/sk/o-obci/
sk/samosprava/sadzobnik-dani-a-poplatkov.html,/ochodnica/sk/samosprava/
sk/samosprava/sadzobnik-dani-a-poplatkov.html,/ochodnica/sk/uradne-oznamy/
sk/samosprava/sadzobnik-dani-a-poplatkov.html,/ochodnica/sk/obcan-a-podnikatel/
sk/samosprava/obecny-urad.html,/ochodnica/sk/o-obci/
sk/samosprava/obecny-urad.html,/ochodnica/sk/samosprava/
sk/samosprava/obecny-urad.html,/ochodnica/sk/uradne-oznamy/
sk/samosprava/obecny-urad.html,/ochodnica/sk/obcan-a-podnikatel/
sk/samosprava/informacie-o-samosprave.html,/ochodnica/sk/o-obci/
sk/samosprava/informacie-o-samosprave.html,/ochodnica/sk/samosprava/
sk/samosprava/informacie-o-samosprave.html,/ochodnica/sk/uradne-oznamy/
sk/samosprava/informacie-o-samosprave.html,/ochodnica/sk/obcan-a-podnikatel/
sk/samosprava/verejne-obstaravanie.html,/ochodnica/sk/o-obci/
sk/samosprava/verejne-obstaravanie.html,/ochodnica/sk/samosprava/
sk/samosprava/verejne-obstaravanie.html,/ochodnica/sk/uradne-oznamy/
sk/samosprava/verejne-obstaravanie.html,/ochodnica/sk/obcan-a-podnikatel/
sk/samosprava/komunalne-volby.html,/ochodnica/sk/o-obci/
sk/samosprava/komunalne-volby.html,/ochodnica/sk/samosprava/
sk/samosprava/komunalne-volby.html,/ochodnica/sk/uradne-oznamy/
sk/samosprava/komunalne-volby.html,/ochodnica/sk/obcan-a-podnikatel/
sk/samosprava/spravne-konania.html,/ochodnica/sk/o-obci/
sk/samosprava/spravne-konania.html,/ochodnica/sk/samosprava/
sk/samosprava/spravne-konania.html,/ochodnica/sk/uradne-oznamy/
sk/samosprava/spravne-konania.html,/ochodnica/sk/obcan-a-podnikatel/
sk/galerie/index.html,/ochodnica/sk/o-obci/
sk/galerie/index.html,/ochodnica/sk/samosprava/
sk/galerie/index.html,/ochodnica/sk/uradne-oznamy/
sk/galerie/index.html,/ochodnica/sk/obcan-a-podnikatel/
sk/komunalne-volby/spojene-volby-2022.html,/ochodnica/sk/o-obci/
sk/komunalne-volby/spojene-volby-2022.html,/ochodnica/sk/samosprava/
sk/komunalne-volby/spojene-volby-2022.html,/ochodnica/sk/uradne-oznamy/
sk/komunalne-volby/spojene-volby-2022.html,/ochodnica/sk/obcan-a-podnikatel/
sk/komunalne-volby/spojene-volby-2022.html,/ochodnica/sk/stranky/komunalne-volby/
sk/komunalne-volby/spojene-volby-2022.html,/ochodnica/sk/uradne-oznamy/2022/volebny-okrsok-a-volebna-miestnost.html
sk/komunalne-volby/spojene-volby-2022.html,/ochodnica/sk/uradne-oznamy/2022/zapisovatel-miestnej-volebnej-komisie.html
sk/komunalne-volby/komunalne-volby-2010.html,/ochodnica/sk/o-obci/
sk/komunalne-volby/komunalne-volby-2010.html,/ochodnica/sk/samosprava/
sk/komunalne-volby/komunalne-volby-2010.html,/ochodnica/sk/uradne-oznamy/
sk/komunalne-volby/komunalne-volby-2010.html,/ochodnica/sk/obcan-a-podnikatel/
sk/komunalne-volby/komunalne-volby-2010.html,/ochodnica/sk/stranky/komunalne-volby/
sk/komunalne-volby/komunalne-volby-2014.html,/ochodnica/sk/o-obci/
sk/komunalne-volby/komunalne-volby-2014.html,/ochodnica/sk/samosprava/
sk/komunalne-volby/komunalne-volby-2014.html,/ochodnica/sk/uradne-oznamy/
sk/komunalne-volby/komunalne-volby-2014.html,/ochodnica/sk/obcan-a-podnikatel/
sk/komunalne-volby/komunalne-volby-2014.html,/ochodnica/sk/stranky/komunalne-volby/
sk/komunalne-volby/komunalne-volby-2018.html,/ochodnica/sk/o-obci/
sk/komunalne-volby/komunalne-volby-2018.html,/ochodnica/sk/samosprava/
sk/komunalne-volby/komunalne-volby-2018.html,/ochodnica/sk/uradne-oznamy/
sk/komunalne-volby/komunalne-volby-2018.html,/ochodnica/sk/obcan-a-podnikatel/
sk/komunalne-volby/komunalne-volby-2018.html,/ochodnica/sk/stranky/komunalne-volby/
sk/zmluvy-faktury-a-objednavky/zmluvy-hrobove-miesta.html,/ochodnica/sk/o-obci/
sk/zmluvy-faktury-a-objednavky/zmluvy-hrobove-miesta.html,/ochodnica/sk/samosprava/
sk/zmluvy-faktury-a-objednavky/zmluvy-hrobove-miesta.html,/ochodnica/sk/uradne-oznamy/
sk/zmluvy-faktury-a-objednavky/zmluvy-hrobove-miesta.html,/ochodnica/sk/obcan-a-podnikatel/
sk/zmluvy-faktury-a-objednavky/zmluvy-hrobove-miesta.html,/ochodnica/sk/stranky/zmluvy-faktury-a-objednavky/
sk/zmluvy-faktury-a-objednavky/faktury.html,/ochodnica/sk/o-obci/
sk/zmluvy-faktury-a-objednavky/faktury.html,/ochodnica/sk/samosprava/
sk/zmluvy-faktury-a-objednavky/faktury.html,/ochodnica/sk/uradne-oznamy/
sk/zmluvy-faktury-a-objednavky/faktury.html,/ochodnica/sk/obcan-a-podnikatel/
sk/zmluvy-faktury-a-objednavky/faktury.html,/ochodnica/sk/stranky/zmluvy-faktury-a-objednavky/
sk/zmluvy-faktury-a-objednavky/zmluvy-obce.html,/ochodnica/sk/o-obci/
sk/zmluvy-faktury-a-objednavky/zmluvy-obce.html,/ochodnica/sk/samosprava/
sk/zmluvy-faktury-a-objednavky/zmluvy-obce.html,/ochodnica/sk/uradne-oznamy/
sk/zmluvy-faktury-a-objednavky/zmluvy-obce.html,/ochodnica/sk/obcan-a-podnikatel/
sk/zmluvy-faktury-a-objednavky/zmluvy-obce.html,/ochodnica/sk/stranky/zmluvy-faktury-a-objednavky/
sk/zmluvy-faktury-a-objednavky/objednavky.html,/ochodnica/sk/o-obci/
sk/zmluvy-faktury-a-objednavky/objednavky.html,/ochodnica/sk/samosprava/
sk/zmluvy-faktury-a-objednavky/objednavky.html,/ochodnica/sk/uradne-oznamy/
sk/zmluvy-faktury-a-objednavky/objednavky.html,/ochodnica/sk/obcan-a-podnikatel/
sk/zmluvy-faktury-a-objednavky/objednavky.html,/ochodnica/sk/stranky/zmluvy-faktury-a-objednavky/
sk/novinky-z-obce/2019/ponuka-kruzkov-pre-ziakov-ms-zs-a-mladez-v-skolskom-roku-2019-2020.html,/ochodnica/sk/o-obci/
sk/novinky-z-obce/2019/ponuka-kruzkov-pre-ziakov-ms-zs-a-mladez-v-skolskom-roku-2019-2020.html,/ochodnica/sk/samosprava/
sk/novinky-z-obce/2019/ponuka-kruzkov-pre-ziakov-ms-zs-a-mladez-v-skolskom-roku-2019-2020.html,/ochodnica/sk/uradne-oznamy/
sk/novinky-z-obce/2019/ponuka-kruzkov-pre-ziakov-ms-zs-a-mladez-v-skolskom-roku-2019-2020.html,/ochodnica/sk/obcan-a-podnikatel/
sk/novinky-z-obce/2009/verejne-osvetlenie.html,/ochodnica/sk/o-obci/
sk/novinky-z-obce/2009/verejne-osvetlenie.html,/ochodnica/sk/samosprava/
sk/novinky-z-obce/2009/verejne-osvetlenie.html,/ochodnica/sk/uradne-oznamy/
sk/novinky-z-obce/2009/verejne-osvetlenie.html,/ochodnica/sk/obcan-a-podnikatel/
sk/novinky-z-obce/2021/stiahnite-si-ochodnicu-do-svojho-mobilu.html,/ochodnica/sk/o-obci/
sk/novinky-z-obce/2021/stiahnite-si-ochodnicu-do-svojho-mobilu.html,/ochodnica/sk/samosprava/
sk/novinky-z-obce/2021/stiahnite-si-ochodnicu-do-svojho-mobilu.html,/ochodnica/sk/uradne-oznamy/
sk/novinky-z-obce/2021/stiahnite-si-ochodnicu-do-svojho-mobilu.html,/ochodnica/sk/obcan-a-podnikatel/
sk/novinky-z-obce/2021/stiahnite-si-ochodnicu-do-svojho-mobilu.html,/ochodnica/sk/novinky-z-obce/2019/novy-web-obce-ochodnica.html
sk/novinky-z-obce/2021/stiahnite-si-ochodnicu-do-svojho-mobilu.html,/ochodnica/sk/novinky-z-obce/2019/ochodnica-uz-aj-na-instagrame.html
sk/novinky-z-obce/2021/stiahnite-si-ochodnicu-do-svojho-mobilu.html,/ochodnica/sk/novinky-z-obce/2019/sms-system-obce-ochodnica.html
sk/novinky-z-obce/2021/stiahnite-si-ochodnicu-do-svojho-mobilu.html,/ochodnica/sk/novinky-z-obce/2019/odkazprestarostu-sk-nahlaste-problemy-ktore-vas-trapia.html
sk/novinky-z-obce/2021/stiahnite-si-ochodnicu-do-svojho-mobilu.html,/ochodnica/sk/novinky-z-obce/2021/predstavujeme-jaroslav-pitonak.html
sk/novinky-z-obce/2021/vyzva-na-predlozenie-cenovej-ponuky-verejne-osvetlenie-obce-ochodnica.html,/ochodnica/sk/o-obci/
sk/novinky-z-obce/2021/vyzva-na-predlozenie-cenovej-ponuky-verejne-osvetlenie-obce-ochodnica.html,/ochodnica/sk/samosprava/
sk/novinky-z-obce/2021/vyzva-na-predlozenie-cenovej-ponuky-verejne-osvetlenie-obce-ochodnica.html,/ochodnica/sk/uradne-oznamy/
sk/novinky-z-obce/2021/vyzva-na-predlozenie-cenovej-ponuky-verejne-osvetlenie-obce-ochodnica.html,/ochodnica/sk/obcan-a-podnikatel/
sk/novinky-z-obce/2022/vysledky-komunalnych-volieb-2022.html,/ochodnica/sk/o-obci/
sk/novinky-z-obce/2022/vysledky-komunalnych-volieb-2022.html,/ochodnica/sk/samosprava/
sk/novinky-z-obce/2022/vysledky-komunalnych-volieb-2022.html,/ochodnica/sk/uradne-oznamy/
sk/novinky-z-obce/2022/vysledky-komunalnych-volieb-2022.html,/ochodnica/sk/obcan-a-podnikatel/
sk/novinky-z-obce/2018/stavebne-upravy-a-znizenie-energetickej-narocnosti-hasicska-zbrojnica-v-ochodnici.html,/ochodnica/sk/o-obci/
sk/novinky-z-obce/2018/stavebne-upravy-a-znizenie-energetickej-narocnosti-hasicska-zbrojnica-v-ochodnici.html,/ochodnica/sk/samosprava/
sk/novinky-z-obce/2018/stavebne-upravy-a-znizenie-energetickej-narocnosti-hasicska-zbrojnica-v-ochodnici.html,/ochodnica/sk/uradne-oznamy/
sk/novinky-z-obce/2018/stavebne-upravy-a-znizenie-energetickej-narocnosti-hasicska-zbrojnica-v-ochodnici.html,/ochodnica/sk/obcan-a-podnikatel/
sk/novinky-z-obce/2014/odpocivadlo-na-cyklotrase.html,/ochodnica/sk/o-obci/
sk/novinky-z-obce/2014/odpocivadlo-na-cyklotrase.html,/ochodnica/sk/samosprava/
sk/novinky-z-obce/2014/odpocivadlo-na-cyklotrase.html,/ochodnica/sk/uradne-oznamy/
sk/novinky-z-obce/2014/odpocivadlo-na-cyklotrase.html,/ochodnica/sk/obcan-a-podnikatel/
sk/novinky-z-obce/2026/vystava-ovocia-zeleniny-a-aranzovania-v-ochodnici-2026.html,/ochodnica/sk/o-obci/
sk/novinky-z-obce/2026/vystava-ovocia-zeleniny-a-aranzovania-v-ochodnici-2026.html,/ochodnica/sk/samosprava/
sk/novinky-z-obce/2026/vystava-ovocia-zeleniny-a-aranzovania-v-ochodnici-2026.html,/ochodnica/sk/uradne-oznamy/
sk/novinky-z-obce/2026/vystava-ovocia-zeleniny-a-aranzovania-v-ochodnici-2026.html,/ochodnica/sk/obcan-a-podnikatel/
sk/novinky-z-obce/2026/zaciatok-roka-v-ms.html,/ochodnica/sk/o-obci/
sk/novinky-z-obce/2026/zaciatok-roka-v-ms.html,/ochodnica/sk/samosprava/
sk/novinky-z-obce/2026/zaciatok-roka-v-ms.html,/ochodnica/sk/uradne-oznamy/
sk/novinky-z-obce/2026/zaciatok-roka-v-ms.html,/ochodnica/sk/obcan-a-podnikatel/
sk/novinky-z-obce/2026/podakovanie-dhz-ochodnica.html,/ochodnica/sk/o-obci/
sk/novinky-z-obce/2026/podakovanie-dhz-ochodnica.html,/ochodnica/sk/samosprava/
sk/novinky-z-obce/2026/podakovanie-dhz-ochodnica.html,/ochodnica/sk/uradne-oznamy/
sk/novinky-z-obce/2026/podakovanie-dhz-ochodnica.html,/ochodnica/sk/obcan-a-podnikatel/
sk/novinky-z-obce/2026/odstavka-vody-dna-27-08-2026.html,/ochodnica/sk/o-obci/
sk/novinky-z-obce/2026/odstavka-vody-dna-27-08-2026.html,/ochodnica/sk/samosprava/
sk/novinky-z-obce/2026/odstavka-vody-dna-27-08-2026.html,/ochodnica/sk/uradne-oznamy/
sk/novinky-z-obce/2026/odstavka-vody-dna-27-08-2026.html,/ochodnica/sk/obcan-a-podnikatel/
sk/novinky-z-obce/2026/vyjadrenie-k-dovodu-neotvorenia-triedy-materskej-skoly-v zakladnej-skole.html,/ochodnica/sk/o-obci/
sk/novinky-z-obce/2026/vyjadrenie-k-dovodu-neotvorenia-triedy-materskej-skoly-v zakladnej-skole.html,/ochodnica/sk/samosprava/
sk/novinky-z-obce/2026/vyjadrenie-k-dovodu-neotvorenia-triedy-materskej-skoly-v zakladnej-skole.html,/ochodnica/sk/uradne-oznamy/
sk/novinky-z-obce/2026/vyjadrenie-k-dovodu-neotvorenia-triedy-materskej-skoly-v zakladnej-skole.html,/ochodnica/sk/obcan-a-podnikatel/
sk/novinky-z-obce/2026/odstavka-vody-25-08-2026-26-08-2026.html,/ochodnica/sk/o-obci/
sk/novinky-z-obce/2026/odstavka-vody-25-08-2026-26-08-2026.html,/ochodnica/sk/samosprava/
sk/novinky-z-obce/2026/odstavka-vody-25-08-2026-26-08-2026.html,/ochodnica/sk/uradne-oznamy/
sk/novinky-z-obce/2026/odstavka-vody-25-08-2026-26-08-2026.html,/ochodnica/sk/obcan-a-podnikatel/
sk/novinky-z-obce/2026/volby-do-organov-samospravy-obci-a-volby-do-organov-samospravnych-krajov.html,/ochodnica/sk/o-obci/
sk/novinky-z-obce/2026/volby-do-organov-samospravy-obci-a-volby-do-organov-samospravnych-krajov.html,/ochodnica/sk/samosprava/
sk/novinky-z-obce/2026/volby-do-organov-samospravy-obci-a-volby-do-organov-samospravnych-krajov.html,/ochodnica/sk/uradne-oznamy/
sk/novinky-z-obce/2026/volby-do-organov-samospravy-obci-a-volby-do-organov-samospravnych-krajov.html,/ochodnica/sk/obcan-a-podnikatel/
sk/novinky-z-obce/2026/zmeny-v-overovani-podpisov-a-listin-platne-od-01-09-2026.html,/ochodnica/sk/o-obci/
sk/novinky-z-obce/2026/zmeny-v-overovani-podpisov-a-listin-platne-od-01-09-2026.html,/ochodnica/sk/samosprava/
sk/novinky-z-obce/2026/zmeny-v-overovani-podpisov-a-listin-platne-od-01-09-2026.html,/ochodnica/sk/uradne-oznamy/
sk/novinky-z-obce/2026/zmeny-v-overovani-podpisov-a-listin-platne-od-01-09-2026.html,/ochodnica/sk/obcan-a-podnikatel/
sk/novinky-z-obce/2026/pozvanka-na-zasadnutie-oz-dna-20-08-2026.html,/ochodnica/sk/o-obci/
sk/novinky-z-obce/2026/pozvanka-na-zasadnutie-oz-dna-20-08-2026.html,/ochodnica/sk/samosprava/
sk/novinky-z-obce/2026/pozvanka-na-zasadnutie-oz-dna-20-08-2026.html,/ochodnica/sk/uradne-oznamy/
sk/novinky-z-obce/2026/pozvanka-na-zasadnutie-oz-dna-20-08-2026.html,/ochodnica/sk/obcan-a-podnikatel/
sk/novinky-z-obce/2026/oznamenie-o-preruseni-distribucie-elektriny-dna-22-09-2026.html,/ochodnica/sk/o-obci/
sk/novinky-z-obce/2026/oznamenie-o-preruseni-distribucie-elektriny-dna-22-09-2026.html,/ochodnica/sk/samosprava/
sk/novinky-z-obce/2026/oznamenie-o-preruseni-distribucie-elektriny-dna-22-09-2026.html,/ochodnica/sk/uradne-oznamy/
sk/novinky-z-obce/2026/oznamenie-o-preruseni-distribucie-elektriny-dna-22-09-2026.html,/ochodnica/sk/obcan-a-podnikatel/
sk/novinky-z-obce/2026/odstavka-vody-25-08-026-26-08-2026.html,/ochodnica/sk/o-obci/
sk/novinky-z-obce/2026/odstavka-vody-25-08-026-26-08-2026.html,/ochodnica/sk/samosprava/
sk/novinky-z-obce/2026/odstavka-vody-25-08-026-26-08-2026.html,/ochodnica/sk/uradne-oznamy/
sk/novinky-z-obce/2026/odstavka-vody-25-08-026-26-08-2026.html,/ochodnica/sk/obcan-a-podnikatel/
sk/novinky-z-obce/2025/informacne-plagaty-s-navodmi-na-postup-pri-mimoriadnych-udalostiach.html,/ochodnica/sk/o-obci/
sk/novinky-z-obce/2025/informacne-plagaty-s-navodmi-na-postup-pri-mimoriadnych-udalostiach.html,/ochodnica/sk/samosprava/
sk/novinky-z-obce/2025/informacne-plagaty-s-navodmi-na-postup-pri-mimoriadnych-udalostiach.html,/ochodnica/sk/uradne-oznamy/
sk/novinky-z-obce/2025/informacne-plagaty-s-navodmi-na-postup-pri-mimoriadnych-udalostiach.html,/ochodnica/sk/obcan-a-podnikatel/
sk/stavebne-investicie/2024/odkanalizovanie-obci-ochodnica-a-dunajov.html,/ochodnica/sk/o-obci/
sk/stavebne-investicie/2024/odkanalizovanie-obci-ochodnica-a-dunajov.html,/ochodnica/sk/samosprava/
sk/stavebne-investicie/2024/odkanalizovanie-obci-ochodnica-a-dunajov.html,/ochodnica/sk/uradne-oznamy/
sk/stavebne-investicie/2024/odkanalizovanie-obci-ochodnica-a-dunajov.html,/ochodnica/sk/obcan-a-podnikatel/
sk/subory/vseobecne-zavaezne-nariadenia-a-smernice/index.html,/ochodnica/sk/o-obci/
sk/subory/vseobecne-zavaezne-nariadenia-a-smernice/index.html,/ochodnica/sk/samosprava/
sk/subory/vseobecne-zavaezne-nariadenia-a-smernice/index.html,/ochodnica/sk/uradne-oznamy/
sk/subory/vseobecne-zavaezne-nariadenia-a-smernice/index.html,/ochodnica/sk/obcan-a-podnikatel/
sk/subory/tlaciva-na-stiahnutie/index.html,/ochodnica/sk/o-obci/
sk/subory/tlaciva-na-stiahnutie/index.html,/ochodnica/sk/samosprava/
sk/subory/tlaciva-na-stiahnutie/index.html,/ochodnica/sk/uradne-oznamy/
sk/subory/tlaciva-na-stiahnutie/index.html,/ochodnica/sk/obcan-a-podnikatel/
sk/subory/samosprava/index.html,/ochodnica/sk/o-obci/
sk/subory/samosprava/index.html,/ochodnica/sk/samosprava/
sk/subory/samosprava/index.html,/ochodnica/sk/uradne-oznamy/
sk/subory/samosprava/index.html,/ochodnica/sk/obcan-a-podnikatel/
sk/subory/uznesenia-obecneho-zastupitelstva/index.html,/ochodnica/sk/o-obci/
sk/subory/uznesenia-obecneho-zastupitelstva/index.html,/ochodnica/sk/samosprava/
sk/subory/uznesenia-obecneho-zastupitelstva/index.html,/ochodnica/sk/uradne-oznamy/
sk/subory/uznesenia-obecneho-zastupitelstva/index.html,/ochodnica/sk/obcan-a-podnikatel/
sk/stavebne-povolenia/2020/stavebne-povolenie-rodinny-dom.html,/ochodnica/sk/o-obci/
sk/stavebne-povolenia/2020/stavebne-povolenie-rodinny-dom.html,/ochodnica/sk/samosprava/
sk/stavebne-povolenia/2020/stavebne-povolenie-rodinny-dom.html,/ochodnica/sk/uradne-oznamy/
sk/stavebne-povolenia/2020/stavebne-povolenie-rodinny-dom.html,/ochodnica/sk/obcan-a-podnikatel/
sk/stavebne-povolenia/2020/oznamenie-o-spojeni-uzemneho-a-stavebneho-konania-rodinny-dom.html,/ochodnica/sk/o-obci/
sk/stavebne-povolenia/2020/oznamenie-o-spojeni-uzemneho-a-stavebneho-konania-rodinny-dom.html,/ochodnica/sk/samosprava/
sk/stavebne-povolenia/2020/oznamenie-o-spojeni-uzemneho-a-stavebneho-konania-rodinny-dom.html,/ochodnica/sk/uradne-oznamy/
sk/stavebne-povolenia/2020/oznamenie-o-spojeni-uzemneho-a-stavebneho-konania-rodinny-dom.html,/ochodnica/sk/obcan-a-podnikatel/
sk/stavebne-povolenia/2020/oznamenie-o-spojeni-uzemneho-a-stavebneho-konania-hospodarska-budova.html,/ochodnica/sk/o-obci/
sk/stavebne-povolenia/2020/oznamenie-o-spojeni-uzemneho-a-stavebneho-konania-hospodarska-budova.html,/ochodnica/sk/samosprava/
sk/stavebne-povolenia/2020/oznamenie-o-spojeni-uzemneho-a-stavebneho-konania-hospodarska-budova.html,/ochodnica/sk/uradne-oznamy/
sk/stavebne-povolenia/2020/oznamenie-o-spojeni-uzemneho-a-stavebneho-konania-hospodarska-budova.html,/ochodnica/sk/obcan-a-podnikatel/
sk/stavebne-povolenia/2025/verejna-vyhlaska-inovacia-vedenia-v404-varin-st-hranica-sr-cr-stavebne-povolenie.html,/ochodnica/sk/o-obci/
sk/stavebne-povolenia/2025/verejna-vyhlaska-inovacia-vedenia-v404-varin-st-hranica-sr-cr-stavebne-povolenie.html,/ochodnica/sk/samosprava/
sk/stavebne-povolenia/2025/verejna-vyhlaska-inovacia-vedenia-v404-varin-st-hranica-sr-cr-stavebne-povolenie.html,/ochodnica/sk/uradne-oznamy/
sk/stavebne-povolenia/2025/verejna-vyhlaska-inovacia-vedenia-v404-varin-st-hranica-sr-cr-stavebne-povolenie.html,/ochodnica/sk/obcan-a-podnikatel/
sk/stavebne-povolenia/2025/stavebne-povolenie-rd.html,/ochodnica/sk/o-obci/
sk/stavebne-povolenia/2025/stavebne-povolenie-rd.html,/ochodnica/sk/samosprava/
sk/stavebne-povolenia/2025/stavebne-povolenie-rd.html,/ochodnica/sk/uradne-oznamy/
sk/stavebne-povolenia/2025/stavebne-povolenie-rd.html,/ochodnica/sk/obcan-a-podnikatel/
sk/stavebne-povolenia/2025/kolaudacne-rozhodnutie-koptak.html,/ochodnica/sk/o-obci/
sk/stavebne-povolenia/2025/kolaudacne-rozhodnutie-koptak.html,/ochodnica/sk/samosprava/
sk/stavebne-povolenia/2025/kolaudacne-rozhodnutie-koptak.html,/ochodnica/sk/uradne-oznamy/
sk/stavebne-povolenia/2025/kolaudacne-rozhodnutie-koptak.html,/ochodnica/sk/obcan-a-podnikatel/
sk/stavebne-povolenia/2025/rozhodnutie-o-preskumani-sposobilosti-stavby-na-uzivanie.html,/ochodnica/sk/o-obci/
sk/stavebne-povolenia/2025/rozhodnutie-o-preskumani-sposobilosti-stavby-na-uzivanie.html,/ochodnica/sk/samosprava/
sk/stavebne-povolenia/2025/rozhodnutie-o-preskumani-sposobilosti-stavby-na-uzivanie.html,/ochodnica/sk/uradne-oznamy/
sk/stavebne-povolenia/2025/rozhodnutie-o-preskumani-sposobilosti-stavby-na-uzivanie.html,/ochodnica/sk/obcan-a-podnikatel/
sk/stavebne-povolenia/2025/kolaudacne-rozhodnutie.html,/ochodnica/sk/o-obci/
sk/stavebne-povolenia/2025/kolaudacne-rozhodnutie.html,/ochodnica/sk/samosprava/
sk/stavebne-povolenia/2025/kolaudacne-rozhodnutie.html,/ochodnica/sk/uradne-oznamy/
sk/stavebne-povolenia/2025/kolaudacne-rozhodnutie.html,/ochodnica/sk/obcan-a-podnikatel/
sk/stavebne-povolenia/2025/uzemne-rozhodnutie.html,/ochodnica/sk/o-obci/
sk/stavebne-povolenia/2025/uzemne-rozhodnutie.html,/ochodnica/sk/samosprava/
sk/stavebne-povolenia/2025/uzemne-rozhodnutie.html,/ochodnica/sk/uradne-oznamy/
sk/stavebne-povolenia/2025/uzemne-rozhodnutie.html,/ochodnica/sk/obcan-a-podnikatel/
sk/uradne-oznamy/2022/vyzva-na-predlozenie-cenovej-ponuky-miestne-komunikacie-obec-ochodnica-panelova-cesta-a-parkovisko-cintorin-a-oprava-vytlkov-v-obci-ochodnica.html,/ochodnica/sk/o-obci/
sk/uradne-oznamy/2022/vyzva-na-predlozenie-cenovej-ponuky-miestne-komunikacie-obec-ochodnica-panelova-cesta-a-parkovisko-cintorin-a-oprava-vytlkov-v-obci-ochodnica.html,/ochodnica/sk/samosprava/
sk/uradne-oznamy/2022/vyzva-na-predlozenie-cenovej-ponuky-miestne-komunikacie-obec-ochodnica-panelova-cesta-a-parkovisko-cintorin-a-oprava-vytlkov-v-obci-ochodnica.html,/ochodnica/sk/uradne-oznamy/
sk/uradne-oznamy/2022/vyzva-na-predlozenie-cenovej-ponuky-miestne-komunikacie-obec-ochodnica-panelova-cesta-a-parkovisko-cintorin-a-oprava-vytlkov-v-obci-ochodnica.html,/ochodnica/sk/obcan-a-podnikatel/
sk/uradne-oznamy/2017/kamerovy-system-ochodnica.html,/ochodnica/sk/o-obci/
sk/uradne-oznamy/2017/kamerovy-system-ochodnica.html,/ochodnica/sk/samosprava/
sk/uradne-oznamy/2017/kamerovy-system-ochodnica.html,/ochodnica/sk/uradne-oznamy/
sk/uradne-oznamy/2017/kamerovy-system-ochodnica.html,/ochodnica/sk/obcan-a-podnikatel/
sk/uradne-oznamy/2026/oznamenie-o-akcii-29-30-08-2026.html,/ochodnica/sk/o-obci/
sk/uradne-oznamy/2026/oznamenie-o-akcii-29-30-08-2026.html,/ochodnica/sk/samosprava/
sk/uradne-oznamy/2026/oznamenie-o-akcii-29-30-08-2026.html,/ochodnica/sk/uradne-oznamy/
sk/uradne-oznamy/2026/oznamenie-o-akcii-29-30-08-2026.html,/ochodnica/sk/obcan-a-podnikatel/
sk/uradne-oznamy/2026/zverejnenie-zameru-prenajmu-nebytovych-priestorov-vo-vlastnictve-obce.html,/ochodnica/sk/o-obci/
sk/uradne-oznamy/2026/zverejnenie-zameru-prenajmu-nebytovych-priestorov-vo-vlastnictve-obce.html,/ochodnica/sk/samosprava/
sk/uradne-oznamy/2026/zverejnenie-zameru-prenajmu-nebytovych-priestorov-vo-vlastnictve-obce.html,/ochodnica/sk/uradne-oznamy/
sk/uradne-oznamy/2026/zverejnenie-zameru-prenajmu-nebytovych-priestorov-vo-vlastnictve-obce.html,/ochodnica/sk/obcan-a-podnikatel/
sk/uradne-oznamy/2026/oznamenie-o-akcii-22-23-08-2026.html,/ochodnica/sk/o-obci/
sk/uradne-oznamy/2026/oznamenie-o-akcii-22-23-08-2026.html,/ochodnica/sk/samosprava/
sk/uradne-oznamy/2026/oznamenie-o-akcii-22-23-08-2026.html,/ochodnica/sk/uradne-oznamy/
sk/uradne-oznamy/2026/oznamenie-o-akcii-22-23-08-2026.html,/ochodnica/sk/obcan-a-podnikatel/
sk/stranky/obcan-a-podnikatel/index.html,/ochodnica/sk/o-obci/
sk/stranky/obcan-a-podnikatel/index.html,/ochodnica/sk/samosprava/
sk/stranky/obcan-a-podnikatel/index.html,/ochodnica/sk/uradne-oznamy/
sk/stranky/obcan-a-podnikatel/index.html,/ochodnica/sk/obcan-a-podnikatel/
sk/stranky/o-obci/index.html,/ochodnica/sk/o-obci/
sk/stranky/o-obci/index.html,/ochodnica/sk/samosprava/
sk/stranky/o-obci/index.html,/ochodnica/sk/uradne-oznamy/
sk/stranky/o-obci/index.html,/ochodnica/sk/obcan-a-podnikatel/
sk/stranky/samosprava/index.html,/ochodnica/sk/o-obci/
sk/stranky/samosprava/index.html,/ochodnica/sk/samosprava/
sk/stranky/samosprava/index.html,/ochodnica/sk/uradne-oznamy/
sk/stranky/samosprava/index.html,/ochodnica/sk/obcan-a-podnikatel/
sk/kategoria/novinky-z-obce/index.html,/ochodnica/sk/o-obci/
sk/kategoria/novinky-z-obce/index.html,/ochodnica/sk/samosprava/
sk/kategoria/novinky-z-obce/index.html,/ochodnica/sk/uradne-oznamy/
sk/kategoria/novinky-z-obce/index.html,/ochodnica/sk/obcan-a-podnikatel/
sk/kategoria/stavebne-investicie/index.html,/ochodnica/sk/o-obci/
sk/kategoria/stavebne-investicie/index.html,/ochodnica/sk/samosprava/
sk/kategoria/stavebne-investicie/index.html,/ochodnica/sk/uradne-oznamy/
sk/kategoria/stavebne-investicie/index.html,/ochodnica/sk/obcan-a-podnikatel/
sk/kategoria/stavebne-povolenia/index.html,/ochodnica/sk/o-obci/
sk/kategoria/stavebne-povolenia/index.html,/ochodnica/sk/samosprava/
sk/kategoria/stavebne-povolenia/index.html,/ochodnica/sk/uradne-oznamy/
sk/kategoria/stavebne-povolenia/index.html,/ochodnica/sk/obcan-a-podnikatel/
sk/kategoria/samosprava/index.html,/ochodnica/sk/o-obci/
sk/kategoria/samosprava/index.html,/ochodnica/sk/samosprava/
sk/kategoria/samosprava/index.html,/ochodnica/sk/uradne-oznamy/
sk/kategoria/samosprava/index.html,/ochodnica/sk/obcan-a-podnikatel/
sk/kategoria/uradne-oznamy/index.html,/ochodnica/sk/o-obci/
sk/kategoria/uradne-oznamy/index.html,/ochodnica/sk/samosprava/
sk/kategoria/uradne-oznamy/index.html,/ochodnica/sk/uradne-oznamy/
sk/kategoria/uradne-oznamy/index.html,/ochodnica/sk/obcan-a-podnikatel/
sk/kategoria/uradne-oznamy/index.html,/ochodnica/sk/uradne-oznamy/2026/obec-zakopcie.html
sk/kategoria/uradne-oznamy/index.html,/ochodnica/sk/uradne-oznamy/2026/vymery-na-rok-2026.html
sk/kategoria/uradne-oznamy/index.html,/ochodnica/sk/uradne-oznamy/2026/upozornenie-obcanov-na-obmedzenie.html
sk/kategoria/uradne-oznamy/index.html,/ochodnica/sk/uradne-oznamy/2026/oznamenie-o-akcii-8-9-08-2026.html
sk/kategoria/uradne-oznamy/index.html,/ochodnica/sk/uradne-oznamy/2026/odkanalizovanie-obci-ochodnica-a-dunajov.html
sk/kategoria/uradne-oznamy/index.html,/ochodnica/sk/uradne-oznamy/2026/uzemny-plan-obce-zakopcie.html
sk/kategoria/uradne-oznamy/index.html,/ochodnica/sk/uradne-oznamy/2026/urbariat-pozemkove-spolocenstvo-ochodnica.html
sk/kategoria/novinky-z-obce/page:2/index.html,/ochodnica/sk/o-obci/
sk/kategoria/novinky-z-obce/page:2/index.html,/ochodnica/sk/samosprava/
sk/kategoria/novinky-z-obce/page:2/index.html,/ochodnica/sk/uradne-oznamy/
sk/kategoria/novinky-z-obce/page:2/index.html,/ochodnica/sk/obcan-a-podnikatel/
sk/kategoria/novinky-z-obce/page:2/index.html,/ochodnica/sk/novinky-z-obce/2026/letne-kino-v-ochodnici-je-spaet-filmove-vecery-pod-hviezdami-sa-zacinaju-uz-tento-piatok.html
sk/kategoria/novinky-z-obce/page:2/index.html,/ochodnica/sk/novinky-z-obce/2026/hasicska-sutaz-v-ochodnici-priniesla-napinave-suboje-aj-uspechy-domacich-druzstiev.html
sk/kategoria/novinky-z-obce/page:2/index.html,/ochodnica/sk/novinky-z-obce/2026/jesenny-zber-elektroodpadu-do-23-08-2026.html
sk/kategoria/novinky-z-obce/page:2/index.html,/ochodnica/sk/novinky-z-obce/2026/futbalovy-den-na-pocest-miroslava-radolskeho.html
sk/kategoria/novinky-z-obce/page:2/index.html,/ochodnica/sk/novinky-z-obce/2026/folklorny-festival-spojil-tradicie-hudbu-a-oslavy-430-vyrocia-obce.html
sk/kategoria/novinky-z-obce/page:2/index.html,/ochodnica/sk/novinky-z-obce/2026/pozvanka-na-hasicsku-sutaz-v-ochodnici.html
sk/kategoria/novinky-z-obce/page:2/index.html,/ochodnica/sk/novinky-z-obce/2026/vyhlasenie-volby-hlavneho-kontrolora-obce-ochodnica.html
sk/kategoria/novinky-z-obce/page:2/index.html,/ochodnica/sk/novinky-z-obce/2026/pozvanka-na-memorial-miroslava-radolskeho-2026.html
sk/kategoria/novinky-z-obce/page:2/index.html,/ochodnica/sk/novinky-z-obce/2026/referendum-2026-vysledky-v-obci-ochodnica.html
sk/kategoria/novinky-z-obce/page:2/index.html,/ochodnica/sk/novinky-z-obce/2026/pozvanka-na-folklorny-festival-ochodnica-2026.html
sk/kategoria/novinky-z-obce/page:3/index.html,/ochodnica/sk/o-obci/
sk/kategoria/novinky-z-obce/page:3/index.html,/ochodnica/sk/samosprava/
sk/kategoria/novinky-z-obce/page:3/index.html,/ochodnica/sk/uradne-oznamy/
sk/kategoria/novinky-z-obce/page:3/index.html,/ochodnica/sk/obcan-a-podnikatel/
sk/kategoria/novinky-z-obce/page:3/index.html,/ochodnica/sk/novinky-z-obce/2026/pokosena-trava-nepatri-do-potoka-ani-na-jeho-brehy.html
sk/kategoria/novinky-z-obce/page:3/index.html,/ochodnica/sk/novinky-z-obce/2026/oznamenie-o-preruseni-distribucie-elektriny-30-06-2026.html
sk/kategoria/novinky-z-obce/page:3/index.html,/ochodnica/sk/novinky-z-obce/2026/sutaz-vo-vareni-halusiek.html
sk/kategoria/novinky-z-obce/page:3/index.html,/ochodnica/sk/novinky-z-obce/2026/janska-vatra-pri-bufete-pod-martakovym-vrchom-uz-tuto-sobotu.html
sk/kategoria/novinky-z-obce/page:3/index.html,/ochodnica/sk/novinky-z-obce/2026/medzinarodny-den-deti-v-nasej-obci-je-uspesne-za-nami.html
sk/kategoria/novinky-z-obce/page:3/index.html,/ochodnica/sk/novinky-z-obce/2026/oznam-volby-do-rady-skoly-pri-materskej-skole-ochodnica-c-355.html
sk/kategoria/novinky-z-obce/page:3/index.html,/ochodnica/sk/novinky-z-obce/2026/pozvanka-na-4-zasadnutie-oz.html
sk/kategoria/novinky-z-obce/page:3/index.html,/ochodnica/sk/novinky-z-obce/2026/futbalovy-vikend-v-ochodnici-uzavrie-sezonu-2025-2026.html
sk/kategoria/novinky-z-obce/page:3/index.html,/ochodnica/sk/novinky-z-obce/2026/ziadost-o-umiestnenie-bankomatu.html
sk/kategoria/novinky-z-obce/page:7/index.html,/ochodnica/sk/o-obci/
sk/kategoria/novinky-z-obce/page:7/index.html,/ochodnica/sk/samosprava/
sk/kategoria/novinky-z-obce/page:7/index.html,/ochodnica/sk/uradne-oznamy/
sk/kategoria/novinky-z-obce/page:7/index.html,/ochodnica/sk/obcan-a-podnikatel/
sk/kategoria/novinky-z-obce/page:7/index.html,/ochodnica/sk/novinky-z-obce/2026/detsky-karneval.html
sk/kategoria/novinky-z-obce/page:7/index.html,/ochodnica/sk/novinky-z-obce/2026/tradicne-palenie-moreny-v-ochodnici-privitalo-jar.html
sk/kategoria/novinky-z-obce/page:7/index.html,/ochodnica/sk/novinky-z-obce/2026/vydaj-nadob-na-bioodpad.html
sk/kategoria/novinky-z-obce/page:7/index.html,/ochodnica/sk/novinky-z-obce/2026/zapis-deti-do-prveho-rocnika-zs.html
sk/kategoria/novinky-z-obce/page:7/index.html,/ochodnica/sk/novinky-z-obce/2026/krasny-sviatok-vsetkym-zenam-v-ochodnici.html
sk/kategoria/novinky-z-obce/page:7/index.html,/ochodnica/sk/novinky-z-obce/2026/vykup-papiera.html
sk/kategoria/novinky-z-obce/page:7/index.html,/ochodnica/sk/novinky-z-obce/2026/vznika-analyticko-informacny-portal-www-dialnicad3-sk.html
sk/kategoria/novinky-z-obce/page:7/index.html,/ochodnica/sk/novinky-z-obce/2026/jarny-zber-elektroodpadu-do-15-03-2026.html
sk/kategoria/novinky-z-obce/page:7/index.html,/ochodnica/sk/novinky-z-obce/2026/detsky-karneval-zruseny.html
sk/kategoria/novinky-z-obce/page:7/index.html,/ochodnica/sk/novinky-z-obce/2026/informacia-o-urovni-vytriedenia-komunalnych-odpadov-za-rok-2025.html
sk/kategoria/novinky-z-obce/page:9/index.html,/ochodnica/sk/o-obci/
sk/kategoria/novinky-z-obce/page:9/index.html,/ochodnica/sk/samosprava/
sk/kategoria/novinky-z-obce/page:9/index.html,/ochodnica/sk/uradne-oznamy/
sk/kategoria/novinky-z-obce/page:9/index.html,/ochodnica/sk/obcan-a-podnikatel/
sk/kategoria/novinky-z-obce/page:9/index.html,/ochodnica/sk/novinky-z-obce/2025/odpis-vody-do-31-12-2025.html
sk/kategoria/novinky-z-obce/page:9/index.html,/ochodnica/sk/novinky-z-obce/2025/vianocna-atmosfera-naplnila-amfiteater-v-ochodnici.html
sk/kategoria/novinky-z-obce/page:9/index.html,/ochodnica/sk/novinky-z-obce/2025/pozvanka-na-reprezentacny-ples-obce-ochodnica-2026.html
sk/kategoria/novinky-z-obce/page:9/index.html,/ochodnica/sk/novinky-z-obce/2025/pozvanka-na-zasadnutie-obecneho-zastupitelstva-dna-12-12-2025.html
sk/kategoria/novinky-z-obce/page:9/index.html,/ochodnica/sk/novinky-z-obce/2025/vianocne-trhy-v-ochodnici-uz-po-siedmy-raz.html
sk/kategoria/novinky-z-obce/page:9/index.html,/ochodnica/sk/novinky-z-obce/2025/vzdelavanie-sestier-jancovych-komiksove-workshopy-pre-deti-a-mladez.html
sk/kategoria/novinky-z-obce/page:9/index.html,/ochodnica/sk/novinky-z-obce/2025/pozvanka-na-prednasku-pri-prilezitosti-70-vyrocia-zalozenia-skoly-zs-ochodnica.html
sk/kategoria/novinky-z-obce/page:9/index.html,/ochodnica/sk/novinky-z-obce/2025/martinske-hody-v-ochodnici-priniesli-prijemnu-atmosferu-a-spolocne-stretnutia.html
sk/kategoria/novinky-z-obce/page:9/index.html,/ochodnica/sk/novinky-z-obce/2025/tradicny-lampionovy-sprievod-rozziaril-ochodnicu.html
sk/kategoria/novinky-z-obce/page:9/index.html,/ochodnica/sk/novinky-z-obce/2025/pozvanka-na-zasadnutie-obecneho-zastupitelstva-dna-13-11-2025.html
sk/kategoria/novinky-z-obce/page:4/index.html,/ochodnica/sk/o-obci/
sk/kategoria/novinky-z-obce/page:4/index.html,/ochodnica/sk/samosprava/
sk/kategoria/novinky-z-obce/page:4/index.html,/ochodnica/sk/uradne-oznamy/
sk/kategoria/novinky-z-obce/page:4/index.html,/ochodnica/sk/obcan-a-podnikatel/
sk/kategoria/novinky-z-obce/page:4/index.html,/ochodnica/sk/novinky-z-obce/2026/zber-plastov-8-6-2026.html
sk/kategoria/novinky-z-obce/page:4/index.html,/ochodnica/sk/novinky-z-obce/2026/vyvoz-bioodpad.html
sk/kategoria/novinky-z-obce/page:4/index.html,/ochodnica/sk/novinky-z-obce/2026/mdd-v-nasej-obci.html
sk/kategoria/novinky-z-obce/page:4/index.html,/ochodnica/sk/novinky-z-obce/2026/oznamenie-o-preruseni-distribucie-elektriny.html
sk/kategoria/novinky-z-obce/page:4/index.html,/ochodnica/sk/novinky-z-obce/2026/hromadna-vakcinacia-psov-a-maciek-proti-besnote-v-ochodnici.html
sk/kategoria/novinky-z-obce/page:4/index.html,/ochodnica/sk/novinky-z-obce/2026/srdecne-prianie-k-mdd.html
sk/kategoria/novinky-z-obce/page:4/index.html,/ochodnica/sk/novinky-z-obce/2026/plan-akcii-na-najblizsie-obdobie-v-obci-ochodnica.html
sk/kategoria/novinky-z-obce/page:4/index.html,/ochodnica/sk/novinky-z-obce/2026/valanie-maja.html
sk/kategoria/novinky-z-obce/page:4/index.html,/ochodnica/sk/novinky-z-obce/2026/pokoseny-horny-cintorin.html
sk/kategoria/novinky-z-obce/page:4/index.html,/ochodnica/sk/novinky-z-obce/2026/posta-ochodnica.html
sk/kategoria/novinky-z-obce/page:8/index.html,/ochodnica/sk/o-obci/
sk/kategoria/novinky-z-obce/page:8/index.html,/ochodnica/sk/samosprava/
sk/kategoria/novinky-z-obce/page:8/index.html,/ochodnica/sk/uradne-oznamy/
sk/kategoria/novinky-z-obce/page:8/index.html,/ochodnica/sk/obcan-a-podnikatel/
sk/kategoria/novinky-z-obce/page:8/index.html,/ochodnica/sk/novinky-z-obce/2026/pozvanka-na-zasadnutie-obecneho-zastupitelstva-dna-06-02-2026.html
sk/kategoria/novinky-z-obce/page:8/index.html,/ochodnica/sk/novinky-z-obce/2026/cestovatelsky-vecer-v-ochodnici-svet-na-dosah-bez-pasu-a-kufra.html
sk/kategoria/novinky-z-obce/page:8/index.html,/ochodnica/sk/novinky-z-obce/2026/tradicie-pod-maskami-opaet-oziju-v-ochodnici.html
sk/kategoria/novinky-z-obce/page:8/index.html,/ochodnica/sk/novinky-z-obce/2026/danove-priznanie-k-dani-z-nehnutelnosti-za-rok-2025.html
sk/kategoria/novinky-z-obce/page:8/index.html,/ochodnica/sk/novinky-z-obce/2026/zber-plastov-v-obci-ochodnica-informacie-pre-obcanov.html
sk/kategoria/novinky-z-obce/page:8/index.html,/ochodnica/sk/novinky-z-obce/2026/novorocny-prihovor-starostu-obce-ochodnica.html
sk/kategoria/novinky-z-obce/page:8/index.html,/ochodnica/sk/novinky-z-obce/2025/silvestrovske-vinko-v-ochodnici.html
sk/kategoria/novinky-z-obce/page:8/index.html,/ochodnica/sk/novinky-z-obce/2025/zmena-terminu-vyvozu-komunalneho-odpadu.html
sk/kategoria/novinky-z-obce/page:8/index.html,/ochodnica/sk/novinky-z-obce/2025/vianocne-prianie-starostu-obce-ochodnica.html
sk/kategoria/novinky-z-obce/page:8/index.html,/ochodnica/sk/novinky-z-obce/2025/vianocny-futbalovy-turnaj-v-ochodnici-sport-tradicia-a-dobra-vec.html
sk/kategoria/novinky-z-obce/page:5/index.html,/ochodnica/sk/o-obci/
sk/kategoria/novinky-z-obce/page:5/index.html,/ochodnica/sk/samosprava/
sk/kategoria/novinky-z-obce/page:5/index.html,/ochodnica/sk/uradne-oznamy/
sk/kategoria/novinky-z-obce/page:5/index.html,/ochodnica/sk/obcan-a-podnikatel/
sk/kategoria/novinky-z-obce/page:5/index.html,/ochodnica/sk/novinky-z-obce/2026/folklorny-festival-ochodnica-2026-ponukne-tradicie-hudbu-aj-vynimocnych-hosti.html
sk/kategoria/novinky-z-obce/page:5/index.html,/ochodnica/sk/novinky-z-obce/2026/odpis-vody.html
sk/kategoria/novinky-z-obce/page:5/index.html,/ochodnica/sk/novinky-z-obce/2026/den-zeme-v-ochodnici.html
sk/kategoria/novinky-z-obce/page:5/index.html,/ochodnica/sk/novinky-z-obce/2026/podakovanie-spevackej-skupine-seniorka.html
sk/kategoria/novinky-z-obce/page:5/index.html,/ochodnica/sk/novinky-z-obce/2026/ochodnica-privitala-do-zivota-novych-obcanov-obce.html
sk/kategoria/novinky-z-obce/page:5/index.html,/ochodnica/sk/novinky-z-obce/2026/striebro-z-kysuckej-rallye-je-doma-dobrovolny-hasicsky-zbor-ochodnica.html
sk/kategoria/novinky-z-obce/page:5/index.html,/ochodnica/sk/novinky-z-obce/2026/ochodnica-oslavila-den-matiek-slavnostnym-programom.html
sk/kategoria/novinky-z-obce/page:5/index.html,/ochodnica/sk/novinky-z-obce/2026/pozvanka-na-den-matiek.html
sk/kategoria/novinky-z-obce/page:5/index.html,/ochodnica/sk/novinky-z-obce/2026/pozvanka-na-zasadnutie-oz-dna-7-5-2026.html
sk/kategoria/novinky-z-obce/page:5/index.html,/ochodnica/sk/novinky-z-obce/2026/oznam-o-termine-podavania-prihlasky-na-predprimarne-vzdelavanie-v-materskej-skole.html
sk/kategoria/novinky-z-obce/page:6/index.html,/ochodnica/sk/o-obci/
sk/kategoria/novinky-z-obce/page:6/index.html,/ochodnica/sk/samosprava/
sk/kategoria/novinky-z-obce/page:6/index.html,/ochodnica/sk/uradne-oznamy/
sk/kategoria/novinky-z-obce/page:6/index.html,/ochodnica/sk/obcan-a-podnikatel/
sk/kategoria/novinky-z-obce/page:6/index.html,/ochodnica/sk/novinky-z-obce/2026/stavanie-maja-prinesie-tradicie-hudbu-aj-dobru-naladu.html
sk/kategoria/novinky-z-obce/page:6/index.html,/ochodnica/sk/novinky-z-obce/2026/ochodnica-ziskala-dotaciu-50-000-eur-na-nove-detske-ihrisko.html
sk/kategoria/novinky-z-obce/page:6/index.html,/ochodnica/sk/novinky-z-obce/2026/zavedenie-zberu-biologicky-rozlozitelneho-odpadu-bioodpadu.html
sk/kategoria/novinky-z-obce/page:6/index.html,/ochodnica/sk/novinky-z-obce/2026/referendum-2026.html
sk/kategoria/novinky-z-obce/page:6/index.html,/ochodnica/sk/novinky-z-obce/2026/pozvanka-na-zasadnutie-obecneho-zastupitelstva-dna-16-04-2026.html
sk/kategoria/novinky-z-obce/page:6/index.html,/ochodnica/sk/novinky-z-obce/2026/informacie-o-aktualnej-situacii-na-poste-v-ochodnici.html
sk/kategoria/novinky-z-obce/page:6/index.html,/ochodnica/sk/novinky-z-obce/2026/nech-velka-noc-prinesie-pokoj-do-kazdeho-domova.html
sk/kategoria/novinky-z-obce/page:6/index.html,/ochodnica/sk/novinky-z-obce/2026/den-zeme-v-ochodnici-spojme-sily-pre-krajsie-a-cistejsie-okolie.html
sk/kategoria/novinky-z-obce/page:6/index.html,/ochodnica/sk/novinky-z-obce/2026/posta-ochodnica.html
sk/kategoria/novinky-z-obce/page:6/index.html,/ochodnica/sk/novinky-z-obce/2026/zber-objemneho-odpadu-v-ochodnici.html
